ticker,sector,pe_trailing,pe_forward,ps_ratio,pb_ratio,ev_ebitda,peg_ratio,fcf_yield,revenue_growth,earnings_growth,operating_margin,profit_margin,gross_margin,roe,roa,debt_to_equity,current_ratio,dividend_yield
A,Healthcare,25.4923,17.5756,4.6231,4.7258,17.467,1.2075,0.0262,0.07,-0.036,0.2286,0.1826,0.523,0.1995,0.0853,0.5139,2.066,0.88
AAPL,Technology,32.354,27.4732,8.6349,42.6676,24.727,2.2733,0.0283,0.157,0.183,0.3537,0.2704,0.4732,1.5202,0.2438,1.0263,0.974,0.41
ABBV,Healthcare,88.4915,12.9586,6.0397,-112.8865,14.783,0.4949,0.0496,0.1,,0.3411,0.0691,0.7162,62.25,0.0981,,0.671,3.31
ABNB,Consumer Cyclical,30.9282,21.6062,6.1195,9.174,25.706,1.1911,0.0473,0.12,-0.237,0.0968,0.2051,0.8296,0.3023,0.0737,0.277,1.377,
ABT,Healthcare,27.6532,16.8529,4.0326,3.4269,15.341,1.4884,0.0352,0.044,-0.809,0.2162,0.1472,0.5666,0.1296,0.0663,0.2679,1.576,2.45
ACGL,Financial Services,8.3397,9.5665,1.7294,1.4799,6.213,,-0.4933,0.085,0.388,0.2953,0.2207,0.3716,0.1954,0.0444,0.1192,1.077,
ACN,Technology,16.5025,13.4869,1.7183,3.9662,9.745,1.5526,0.0982,0.083,0.04,0.1382,0.1061,0.3203,0.2476,0.1116,0.2547,1.336,3.24
ADBE,Technology,14.1644,9.2169,4.0495,8.6264,10.294,0.6897,0.0941,0.12,0.111,0.3876,0.2948,0.894,0.5877,0.189,0.5834,0.912,
ADI,Technology,58.0912,24.4338,13.2192,4.5998,29.321,0.7918,0.0266,0.304,1.167,0.3307,0.2302,0.6284,0.0786,0.0454,0.2575,1.756,1.28
ADM,Consumer Defensive,33.1076,15.215,0.4432,1.5589,17.664,0.9518,0.0604,-0.137,-0.197,0.0182,0.0134,0.0627,0.0472,0.0171,0.4238,1.365,2.82
ADP,Technology,19.6163,17.0463,3.8894,12.8599,13.605,2.6104,0.0419,0.062,0.115,0.2628,0.1996,0.4835,0.7384,0.0471,0.7004,1.032,3.33
ADSK,Technology,45.4351,16.9077,7.0043,16.5759,26.428,0.9276,0.0552,0.194,0.063,0.2724,0.156,0.9233,0.3968,0.097,0.8979,0.851,
AEE,Utilities,20.8748,19.2876,3.6448,2.3034,13.685,2.8401,-0.0481,-0.088,0.195,0.246,0.1719,0.4924,0.1134,0.0305,1.4712,0.658,2.69
AEP,Utilities,19.9219,19.3374,3.2968,2.3046,13.634,2.8518,-0.0713,0.132,-0.126,0.2284,0.1636,0.4752,0.1249,0.0317,1.5424,0.455,2.86
AES,Utilities,10.916,5.9905,0.8336,2.5066,13.653,,-0.3027,0.047,-0.317,0.1658,0.0744,0.184,0.0195,0.0254,2.5939,0.766,4.92
AFL,Financial Services,16.1994,14.22,3.3736,1.9432,12.947,,0.0894,-0.099,-0.229,0.3356,0.2124,0.4664,0.1312,0.0254,0.4268,1.07,2.21
AIG,Financial Services,13.8895,8.5245,1.5292,0.9866,4.82,,0.2766,-0.072,-0.056,0.1377,0.1163,0.3411,0.074,0.0173,0.2441,0.622,2.39
AIZ,Financial Services,12.8843,9.8037,0.853,1.8509,7.396,,0.2001,0.079,0.151,0.1012,0.0681,0.1189,0.159,0.0215,0.3884,0.405,1.54
AJG,Financial Services,37.9112,14.6544,4.3007,2.3981,19.602,0.9403,0.0192,0.367,-0.483,0.1044,0.1148,0.4216,0.0691,0.0224,0.5835,1.056,1.29
AKAM,Technology,38.4365,15.5293,4.0628,3.4307,18.279,1.3592,0.0338,0.074,-0.374,0.1382,0.1074,0.5895,0.0917,0.0359,1.1402,2.363,
ALB,Basic Materials,,20.3475,4.0824,2.8725,34.121,1.2905,0.0216,0.159,,0.0226,-0.0993,0.131,-0.0466,0.003,0.3395,2.229,0.91
ALGN,Healthcare,30.1947,13.8813,3.0336,3.0068,13.132,0.9018,0.0395,0.053,0.356,0.2238,0.1017,0.698,0.1039,0.0694,2.826,1.363,
ALL,Financial Services,5.441,8.2029,0.7938,1.8815,4.628,0.452,0.1661,0.051,1.032,0.2902,0.1519,0.313,0.3952,0.0649,0.2509,0.366,2.09
ALLE,Industrials,18.9852,14.8731,2.9877,5.8719,13.858,2.1686,0.0416,0.093,0.033,0.2141,0.1583,0.452,0.3608,0.1124,1.04,1.842,1.47
AMAT,Technology,35.7039,25.0385,9.8018,12.7342,30.963,1.6603,0.0157,-0.021,0.752,0.2989,0.2778,0.4872,0.3886,0.1485,0.3311,2.715,0.61
AMCR,Consumer Cyclical,30.0226,9.0714,0.9409,1.5855,11.794,0.4951,0.0242,0.681,-0.321,0.083,0.0304,0.1893,0.0773,0.0391,1.3873,1.301,6.51
AMD,Technology,83.3333,20.1866,10.2374,5.6274,51.604,0.6454,0.0129,0.341,2.171,0.1706,0.1252,0.5249,0.0708,0.032,6.359,2.85,
AME,Industrials,34.1078,25.0358,6.7561,4.7039,22.09,2.7355,0.027,0.134,0.036,0.2752,0.2,0.3638,0.1459,0.0788,0.2419,1.062,0.62
AMGN,Healthcare,24.4512,14.9446,5.1036,21.6529,14.074,2.3311,0.04,0.086,1.121,0.3055,0.2098,0.7078,1.061,0.0793,6.4028,1.14,2.9
AMP,Financial Services,11.9609,9.3285,2.1319,6.0472,,1.468,0.0885,0.086,-0.011,0.3535,0.1884,0.5618,0.6051,0.0227,0.576,2.29,1.47
AMT,Real Estate,32.1722,25.0599,7.6406,22.1792,18.988,1.9207,0.0554,0.075,-0.332,0.4494,0.2376,0.7418,0.2628,0.049,4.3421,0.397,3.97
AMZN,Consumer Cyclical,29.2566,22.3328,3.141,5.4762,15.833,1.6126,0.0106,0.136,0.05,0.1053,0.1083,0.5029,0.2229,0.0693,0.4344,1.051,
ANET,Technology,46.0655,29.635,17.7139,12.8674,37.805,1.7795,0.0212,0.289,0.191,0.4152,0.3899,0.6406,0.314,0.1439,0.732,3.048,
AON,Financial Services,18.9748,15.0503,4.0425,7.4116,14.633,2.5688,0.0441,0.037,1.383,0.3135,0.2151,0.472,0.4694,0.0589,1.6832,1.11,0.92
AOS,Industrials,16.7143,14.7961,2.3234,4.7983,10.958,1.3323,0.0479,0.0,0.191,0.1795,0.1426,0.3883,0.292,0.1426,0.1097,1.497,2.18
APA,Energy,10.5363,12.1002,1.7099,2.4354,3.897,4.7991,0.132,-0.28,-0.182,0.3058,0.1651,0.6801,0.2532,0.0896,0.6869,0.825,2.38
APD,Basic Materials,,20.9121,5.3538,4.2411,99.961,6.409,-0.0941,0.058,0.097,0.2428,-0.0273,0.3163,-0.0167,-0.0111,1.0199,1.459,2.47
APH,Technology,38.3234,24.7976,6.8128,11.7055,23.25,1.4258,0.0208,0.491,0.576,0.2747,0.1849,0.3722,0.3685,0.1311,1.1894,2.979,0.78
APO,Financial Services,19.3213,9.9444,1.9542,2.8243,,0.5585,,0.877,-0.573,0.1813,0.1098,0.3734,0.147,0.0129,0.9947,1.659,1.91
APP,Communication Services,38.4448,19.0719,23.8246,61.2314,30.759,1.069,0.0207,0.659,0.847,0.7692,0.6083,0.8786,2.1294,0.3953,1.718,3.322,
APTV,Consumer Cyclical,81.32,6.6065,0.7509,1.4093,6.116,0.7218,0.0849,0.05,-0.434,0.103,0.0081,0.1915,0.0195,0.0591,0.8521,1.736,
ARE,Real Estate,,-540.375,2.4832,0.4766,12.06,,0.1796,-0.052,,0.2274,-0.4738,0.6942,-0.0586,0.0109,0.6661,1.617,9.44
ARES,Financial Services,59.9006,13.5456,6.0513,8.0749,33.556,0.7823,0.0595,0.195,-0.814,0.1354,0.0942,0.3654,0.1352,0.0234,1.6345,0.472,5.27
ATO,Utilities,24.6375,21.398,6.4204,2.1888,16.946,2.2621,-0.0599,0.142,0.094,0.3885,0.2567,0.5782,0.0924,0.0365,0.6744,1.13,2.12
AVB,Real Estate,22.4351,33.2315,7.7297,2.0005,17.738,,0.0571,0.037,-0.409,0.3064,0.3457,0.6314,0.0889,0.027,0.8026,0.406,4.29
AVGO,Technology,61.3158,17.6322,21.8413,18.6511,41.409,0.6843,0.0171,0.295,0.316,0.4494,0.3657,0.7673,0.3337,0.1066,0.827,1.902,0.83
AVY,Consumer Cyclical,19.4852,15.0712,1.4894,5.8793,11.901,1.9222,0.0469,0.039,-0.006,0.1271,0.0777,0.2875,0.3021,0.0822,1.7634,1.127,2.19
AWK,Utilities,24.2777,20.987,5.2482,2.4879,15.325,2.4913,-0.0868,0.058,0.0,0.3218,0.2162,0.6072,0.105,0.0347,1.4699,0.462,2.4
AXON,Industrials,269.8105,39.059,11.9405,10.2115,622.243,,0.0069,0.385,-0.98,-0.0306,0.0449,0.5982,0.0448,-0.0032,0.5911,2.526,
AXP,Financial Services,19.5303,14.9006,3.0775,6.1517,,1.5431,,0.106,0.166,0.1746,0.1617,0.6347,0.3399,0.0379,1.9092,1.405,1.27
AZO,Consumer Cyclical,23.81,19.4646,2.873,-19.3118,16.359,1.8502,0.0152,0.082,-0.023,0.1634,0.1247,0.5188,,0.1149,,0.89,
BA,Industrials,83.9597,44.3271,1.829,29.9899,-59.061,,0.0108,0.571,,-0.0318,0.025,0.0483,2.9008,-0.02,10.3289,1.188,
BAC,Financial Services,12.9606,9.9418,3.299,1.2846,,0.9305,,0.072,0.212,0.4163,0.284,0.0,0.1022,0.0091,,,2.27
BALL,Consumer Cyclical,18.1727,13.3121,1.2128,2.9357,10.992,1.2774,0.0554,0.162,,0.1013,0.0693,0.1959,0.1612,0.0468,1.3603,1.114,1.33
BAX,Healthcare,,8.1327,0.7658,1.3996,8.111,36.6767,0.2825,0.08,,0.0736,-0.0851,0.3574,-0.1371,0.0283,1.6028,2.314,2.16
BBY,Consumer Cyclical,12.7976,9.1423,0.3242,4.5503,6.046,1.2207,0.0623,-0.01,3.725,0.0502,0.0256,0.2248,0.3704,0.0752,1.3947,1.107,5.95
BDX,Healthcare,25.2467,11.4339,2.5533,1.7402,10.391,1.1953,0.0555,0.016,0.286,0.1335,0.0801,0.4678,0.0696,0.0408,0.7728,1.049,2.72
BEN,Financial Services,21.6667,8.0444,1.3792,1.0027,8.992,0.3178,0.0269,0.034,0.606,0.1652,0.0697,0.3704,0.0446,0.0237,0.2459,5.564,5.64
BF-B,Consumer Defensive,15.5523,15.7396,3.1382,3.006,12.103,4.3454,0.0488,0.02,0.013,0.3191,0.2064,0.5934,0.2042,0.086,0.6725,2.767,3.42
BG,Consumer Defensive,26.2515,12.6123,0.3561,1.5739,19.294,,-0.2838,0.755,-0.888,0.0126,0.0116,0.0485,0.0596,0.0251,0.9101,1.612,2.16
BIIB,Healthcare,20.1523,11.1128,2.6314,1.426,8.011,3.677,0.0761,-0.071,,0.1964,0.1307,0.7895,0.0739,0.0614,0.3647,2.679,
BK,Financial Services,16.5041,13.0075,4.2575,2.1292,,1.317,,0.078,0.305,0.3732,0.2774,0.0,0.129,0.0126,,,1.74
BKNG,Consumer Cyclical,632.6259,13.3963,5.0228,-23.9824,13.359,0.0283,0.0485,0.16,0.384,0.3245,0.2008,0.8736,,0.2082,,1.333,0.94
BKR,Energy,23.2231,20.8198,2.1592,3.1636,13.383,3.2631,0.0188,0.003,-0.256,0.1251,0.0933,0.2368,0.1455,0.0554,0.3526,1.357,1.52
BLDR,Industrials,20.3393,10.303,0.5761,2.0103,9.922,,0.0713,-0.121,-0.829,0.0184,0.0286,0.3039,0.1006,0.045,1.1719,1.859,
BLK,Financial Services,27.3968,15.6667,6.2083,2.6819,16.181,1.2184,0.0468,0.234,-0.317,0.3674,0.2293,0.4671,0.1072,0.0347,0.2437,2.039,2.37
BMY,Healthcare,17.2254,9.7062,2.5249,6.5689,8.261,,0.0916,0.013,13.921,0.2816,0.1464,0.7262,0.4044,0.1029,2.5498,1.255,4.23
BR,Technology,17.802,15.5485,2.6167,6.5228,12.519,1.1202,0.0637,0.078,1.017,0.1202,0.1486,0.3122,0.4179,0.0918,1.1718,0.972,2.42
BRK-B,Financial Services,15.3835,21.9225,2.7718,0.001,-2.125,,0.0357,-0.007,-0.025,0.3296,0.1803,0.2615,0.0981,0.0511,0.1881,7.067,
BRO,Financial Services,20.8702,13.2538,3.8957,1.7661,14.791,,0.0624,0.362,-0.162,0.2317,0.1829,0.4907,0.1123,0.0424,0.6298,1.039,0.96
BSX,Healthcare,32.3814,16.0707,4.6509,3.8443,19.379,0.6782,0.0347,0.159,0.185,0.1969,0.1444,0.6878,0.1244,0.0598,0.4892,1.617,
BX,Financial Services,29.2119,14.4634,9.722,10.2178,,1.6822,,0.506,0.425,0.5283,0.2124,1.0,0.2923,0.1326,0.6653,1.01,4.19
BXP,Real Estate,29.7586,24.8345,2.9076,1.595,16.537,1.9869,0.1032,-0.319,,-0.0659,0.0878,0.5644,0.0492,0.0167,2.26,0.923,5.95
C,Financial Services,16.4643,9.4934,2.6627,1.0477,,0.844,,0.044,-0.108,0.2566,0.1889,0.0,0.0683,0.0058,,,2.08
CAG,Consumer Defensive,,9.1914,0.6725,0.9212,8.202,10.8594,0.0933,-0.019,0.39,0.1057,-0.0039,0.2427,-0.0051,0.0444,0.8981,0.901,8.91
CAH,Healthcare,30.7543,18.4875,0.2059,-17.5164,14.858,1.3764,0.1081,0.188,0.194,0.0123,0.0068,0.0369,,0.035,,0.906,0.95
CARR,Industrials,32.9645,17.5665,2.1412,3.3745,17.089,1.3353,0.0217,-0.06,-0.978,0.0192,0.0682,0.2605,0.1092,0.0353,0.8772,1.199,1.72
CAT,Industrials,38.1703,25.8302,4.966,15.654,26.391,1.9593,0.0174,0.18,-0.114,0.1602,0.1314,0.288,0.4353,0.0789,2.0667,1.436,0.84
CB,Financial Services,12.7854,11.2563,2.1536,1.741,11.433,2.8878,0.0945,0.055,0.279,0.2424,0.1729,0.2955,0.1434,0.0312,0.3094,0.38,1.18
CBOE,Financial Services,27.853,22.7135,6.4377,5.9052,18.198,3.6572,0.0417,0.087,0.605,0.362,0.2333,0.5153,0.2336,0.1112,0.3096,1.872,0.96
CBRE,Real Estate,35.4805,15.714,1.0025,4.4796,21.963,0.8222,-0.0021,0.118,-0.121,0.0012,0.0285,0.1866,0.1357,0.0293,1.0624,1.095,
CCI,Real Estate,33.6429,28.9135,8.6703,-22.5539,23.933,0.8311,0.0371,-0.043,,0.4921,0.1041,0.7408,,0.0406,,0.255,5.01
CCL,Consumer Cyclical,11.2952,9.8237,1.3165,2.7251,8.369,,0.0612,0.061,,0.0983,0.1148,0.5597,0.2785,0.0552,2.039,0.299,0.59
CDNS,Technology,68.4816,29.6061,14.5282,13.8384,39.57,2.4889,0.0196,0.062,0.146,0.3282,0.2093,0.8636,0.2186,0.1098,0.4871,2.856,
CDW,Technology,15.1002,10.789,0.7084,6.0581,10.823,,0.0579,0.063,0.088,0.0731,0.0476,0.2173,0.4302,0.0681,2.3687,1.176,2.07
CEG,Utilities,36.9175,19.633,3.8711,5.8701,18.635,,0.0127,0.129,-0.489,0.096,0.0908,0.1838,0.1636,0.0344,0.6394,1.526,0.63
CF,Basic Materials,14.4894,17.5495,2.8194,4.1251,7.581,6.0135,0.0655,0.228,0.371,0.3531,0.2054,0.3845,0.234,0.1062,0.4676,3.365,1.54
CFG,Financial Services,15.8005,9.6865,3.429,1.0815,,,,0.107,0.348,0.3223,0.2397,0.0,0.0724,0.0082,,,3.02
CHD,Consumer Defensive,30.745,23.1279,3.5456,5.4879,17.325,2.9013,0.0516,0.039,-0.208,0.1856,0.1188,0.4513,0.1762,0.082,0.5952,1.066,1.32
CHRW,Industrials,34.7495,23.4709,1.2265,10.77,24.165,2.537,0.0373,-0.065,-0.085,0.0507,0.0362,0.0855,0.3291,0.1004,0.756,1.528,1.5
CHTR,Communication Services,6.0715,4.6439,0.5081,1.7337,5.929,0.3634,0.0983,-0.023,0.024,0.2474,0.0911,0.5531,0.2867,0.0548,4.8233,0.387,
CI,Healthcare,12.1795,8.0729,0.2624,1.7055,7.807,0.7841,0.1354,0.104,-0.093,0.0353,0.0217,0.093,0.1513,0.0409,0.7514,0.849,2.31
CIEN,Technology,285.1974,54.2423,12.3611,22.6817,111.483,1.8678,0.011,0.331,2.323,0.134,0.0447,0.4212,0.082,0.0458,0.5693,2.814,
CINF,Financial Services,10.4354,17.2122,1.9525,1.5472,7.485,,0.249,0.218,0.673,0.276,0.1894,0.2502,0.1604,0.0489,5.568,0.639,2.24
CL,Consumer Defensive,32.3726,20.5862,3.3514,1270.7462,15.553,1.5056,0.045,0.058,,0.2038,0.1046,0.6011,4.9747,0.1636,23.4356,0.833,2.49
CLX,Consumer Defensive,16.5532,14.8716,1.8256,-97.8143,12.524,2.094,0.0814,-0.008,-0.162,0.1405,0.1117,0.4416,9.8718,0.1131,91.9143,0.736,4.9
CMCSA,Communication Services,5.1818,7.2073,0.8227,1.0388,5.328,142.9829,0.0549,0.012,-0.525,0.1079,0.1617,0.7175,0.2141,0.048,1.0786,0.882,4.73
CME,Financial Services,27.3151,24.0043,17.0124,3.8123,23.668,5.7884,0.0076,0.08,0.35,0.6381,0.6258,1.0,0.1475,0.0158,0.1308,1.032,1.7
CMG,Consumer Cyclical,29.0877,24.3777,3.6767,15.2811,19.822,1.8637,0.0231,0.049,0.04,0.1521,0.1288,0.401,0.4736,0.1388,1.7932,1.235,
CMI,Industrials,26.8137,17.47,2.2556,6.1471,15.705,1.5137,0.0181,0.011,0.414,0.1092,0.0844,0.2576,0.2393,0.0782,0.6052,1.761,1.42
CMS,Utilities,22.2606,18.8239,2.8343,2.6993,14.337,3.0345,-0.072,0.123,0.066,0.2168,0.1254,0.4153,0.1086,0.0315,1.9486,0.979,2.9
CNC,Healthcare,,8.6125,0.098,0.8653,5.94,0.7855,0.2927,0.232,,-0.0188,-0.0379,0.1047,-0.2868,0.0101,0.9056,1.1,
CNP,Utilities,27.3187,20.9957,3.0558,2.5587,14.203,2.0671,-0.1364,0.107,0.052,0.2148,0.1124,0.4542,0.0964,0.0289,2.066,0.911,2.1
COF,Financial Services,53.9822,7.4004,3.4517,1.0509,,0.1909,,0.516,0.222,0.2294,0.0748,0.0,0.0239,0.0036,,,1.76
COHR,Technology,250.6408,34.7727,7.6895,5.6661,42.563,,0.0027,0.175,0.73,0.1178,0.0466,0.3638,0.0324,0.029,0.399,2.252,
COIN,Financial Services,38.4439,30.2739,6.7169,3.1044,24.858,0.6547,0.0281,-0.222,,0.113,0.1831,0.8518,0.1006,0.0355,0.5312,2.343,
COO,Healthcare,34.9104,13.9834,3.2976,1.6368,14.866,1.8302,0.0268,0.062,0.269,0.2078,0.0967,0.6544,0.0487,0.0364,0.332,1.337,
COP,Energy,20.522,18.1343,2.6467,2.4797,7.324,4.3443,0.0469,-0.068,-0.39,0.163,0.1325,0.4618,0.1236,0.0642,0.3783,1.297,2.57
COR,Healthcare,39.0854,16.5403,0.1939,33.1091,14.415,0.7702,0.0548,0.055,0.148,0.0118,0.005,0.0361,1.3347,0.0332,4.7258,0.916,0.74
COST,Consumer Defensive,52.9176,45.1995,1.5738,14.0347,33.31,5.6178,0.0149,0.215,0.455,0.0367,0.0299,0.1293,0.2965,0.0872,0.6026,1.058,0.51
CPAY,Technology,19.53,9.891,4.5317,5.1633,11.58,0.7536,0.092,0.207,0.09,0.5714,0.2362,0.7968,0.2907,0.0604,2.4335,0.977,
CPB,Consumer Defensive,11.962,9.7752,0.6538,1.6376,7.68,0.6549,0.1314,-0.045,-0.172,0.1166,0.0548,0.2961,0.1389,0.0535,1.85,1.015,7.08
CPRT,Industrials,21.0063,19.8808,7.0081,3.2868,13.985,4.0619,0.032,-0.036,-0.1,0.3465,0.3376,0.4734,0.1713,0.1099,0.98,10.061,
CPT,Real Estate,28.4633,57.7309,6.6502,2.4567,16.326,,0.0728,0.022,2.876,0.198,0.2423,0.6173,0.086,0.0202,0.884,0.029,4.21
CRH,Basic Materials,18.9891,15.7795,1.8675,2.9146,11.6,2.0462,0.0263,0.062,0.484,0.1506,0.1002,0.3613,0.1568,0.0613,0.7734,1.743,1.43
CRL,Healthcare,,14.1191,2.1319,2.7044,12.577,0.1297,0.0669,-0.008,,0.0451,-0.036,0.3498,-0.0423,0.0424,0.8195,1.292,
CRM,Technology,23.9667,12.5718,4.2237,2.9402,14.418,1.0156,0.0933,0.121,0.179,0.1924,0.1796,0.7768,0.124,0.0518,0.2995,0.76,0.94
CRWD,Technology,,64.6618,21.0354,22.8356,-2075.618,3.2917,0.0159,0.233,,0.01,-0.0338,0.7481,-0.0414,-0.0157,0.1834,1.773,
CSCO,Technology,28.4245,17.5056,5.2869,6.5387,20.139,1.2217,0.0324,0.097,0.312,0.2487,0.1876,0.6481,0.2375,0.0699,0.6651,0.955,2.13
CSGP,Real Estate,1997.5001,22.4983,5.2146,2.0032,78.08,0.1662,0.0085,0.269,-0.259,0.055,0.0022,0.7887,0.0009,-0.0034,0.1367,2.84,
CSX,Industrials,26.7662,19.7246,5.4406,5.827,14.864,3.5033,0.0127,-0.009,-0.004,0.3272,0.205,0.4559,0.2251,0.0686,1.4822,0.814,1.36
CTAS,Industrials,36.7806,32.1372,6.3245,14.5635,24.97,2.7713,0.0216,0.089,0.097,0.2322,0.1757,0.5036,0.413,0.1594,0.6094,1.983,1.03
CTRA,Energy,15.4286,11.9555,3.7539,1.7701,6.238,,0.0464,0.234,0.206,0.3333,0.2456,0.7412,0.1228,0.0671,0.2698,1.188,2.55
CTSH,Technology,13.7149,10.1867,1.43,1.9951,7.608,1.0247,0.0638,0.049,0.221,0.16,0.1056,0.3372,0.1516,0.1023,7.819,2.137,2.11
CTVA,Basic Materials,48.8343,21.1291,3.3029,2.3792,14.788,1.2394,0.051,-0.017,,0.056,0.0629,0.4729,0.0497,0.0388,0.1228,1.43,0.84
CVNA,Consumer Cyclical,37.1931,29.2893,3.4052,12.9752,22.395,,0.0036,0.58,9.467,0.0757,0.0692,0.2063,0.6795,0.1086,1.3312,4.311,
CVS,Healthcare,52.8705,8.988,0.2338,1.2419,11.146,0.2129,0.0634,0.084,0.766,0.0157,0.0044,0.1329,0.0229,0.0247,1.0606,0.842,3.62
CVX,Energy,30.0106,19.7886,2.1544,2.1132,11.777,3.7357,0.0332,-0.082,-0.238,0.0946,0.0666,0.419,0.0723,0.0379,0.2432,1.155,3.58
D,Utilities,18.0893,16.4362,3.3426,1.9641,13.608,2.7753,-0.1632,0.204,3.655,0.2204,0.1816,0.4902,0.0974,0.0311,1.5009,0.773,4.25
DAL,Industrials,8.7154,8.1411,0.6881,2.0798,7.775,,0.0678,0.029,0.446,0.0893,0.079,0.2045,0.2769,0.045,1.025,0.397,1.12
DASH,Consumer Cyclical,73.4507,20.4839,4.9549,6.7716,53.993,1.5987,0.035,0.377,0.477,0.0526,0.0682,0.5183,0.1044,0.0323,0.3275,1.406,
DD,Basic Materials,216.5714,17.8858,2.7822,1.337,14.233,1.7173,0.7051,,,0.3469,-0.1137,0.345,0.0052,0.0186,0.2448,2.419,1.76
DDOG,Technology,388.2581,45.6786,12.4271,11.3687,5211.878,0.9042,0.0207,0.292,-0.033,0.01,0.0314,0.7998,0.0334,-0.0043,0.3427,3.382,
DE,Industrials,32.471,24.8048,3.3276,5.9127,22.724,1.7373,0.027,-0.111,-0.085,0.1748,0.103,0.2625,0.1957,0.0396,3.7602,2.253,1.13
DECK,Consumer Cyclical,13.9645,13.4258,2.6659,5.3622,8.979,1.3361,0.053,0.071,0.11,0.3138,0.1935,0.5754,0.3969,0.199,0.1314,2.856,
DELL,Technology,20.0887,12.0258,1.0177,-46.0322,11.637,0.7225,0.0572,0.395,0.573,0.0962,0.0523,0.2013,,0.0602,,0.91,1.45
DG,Consumer Defensive,17.4803,15.0087,0.6172,3.0979,12.383,1.3878,0.082,0.059,1.219,0.0608,0.0354,0.3066,0.1899,0.0455,1.8466,1.135,1.97
DGX,Healthcare,22.6309,17.2483,1.9962,3.038,12.89,1.5802,0.0459,0.071,0.11,0.1397,0.0899,0.3333,0.1475,0.062,0.9038,1.044,1.74
DHI,Consumer Cyclical,12.7106,11.3438,1.213,1.6911,9.883,1.1678,-0.0134,-0.095,-0.222,0.1102,0.0995,0.2207,0.1348,0.0782,0.2287,6.332,1.29
DHR,Healthcare,37.996,20.9955,5.5054,2.5717,19.175,1.2381,0.0337,0.046,0.125,0.2217,0.1471,0.5923,0.0705,0.0418,0.3749,1.874,0.84
DIS,Communication Services,14.2283,13.1586,1.79,1.5817,11.273,2.7452,0.0185,0.052,-0.043,0.1536,0.128,0.3728,0.1202,0.0437,0.4091,0.669,1.55
DLR,Real Estate,50.7514,53.3319,10.4521,2.8125,29.459,16.9645,0.0308,0.171,-0.534,0.1415,0.2152,0.5516,0.0547,0.0118,0.8166,1.3,2.69
DLTR,Consumer Defensive,18.2559,14.6546,1.1109,5.7327,11.999,,0.0596,0.09,,0.1351,0.0661,0.3669,0.3169,0.0648,1.879,1.067,
DOC,Real Estate,165.2,82.6,4.0693,1.5309,14.112,,0.1012,0.031,24.484,0.2007,0.0253,0.5997,0.0116,0.0166,1.2218,1.218,7.39
DOV,Industrials,25.7691,17.8432,3.4228,3.7399,16.228,1.8236,0.031,0.088,-0.801,0.1823,0.1352,0.4016,0.1529,0.0696,0.484,1.79,1.01
DOW,Basic Materials,,35.8783,0.7454,1.8549,17.222,40.9901,-0.0263,-0.091,,-0.0314,-0.0656,0.0623,-0.1382,-0.0007,1.1187,1.967,4.23
DPZ,Consumer Cyclical,21.0933,17.2388,2.5243,-3.2851,17.235,1.6661,0.0408,0.064,0.095,0.1924,0.1218,0.2862,,0.3456,,1.651,2.15
DRI,Consumer Cyclical,20.7099,17.2726,1.771,10.7027,15.136,1.7175,0.03,0.059,-0.033,0.1315,0.0866,0.2151,0.5154,0.0726,3.8768,0.387,3.06
DTE,Utilities,21.0583,17.8137,1.9474,2.4997,15.718,2.0547,-0.0567,0.289,0.255,0.1592,0.0924,0.3031,0.1218,0.0294,2.136,0.804,3.05
DUK,Utilities,20.954,18.4777,3.2367,2.0222,12.028,2.8273,-0.0195,0.08,-0.022,0.2809,0.1563,0.519,0.0972,0.0281,1.7184,0.552,3.22
DVA,Healthcare,15.3081,8.9137,0.7133,-15.3274,8.617,0.5411,0.1082,0.099,0.065,0.1523,0.0547,0.3226,0.6485,0.0732,11.1135,1.292,
DVN,Energy,11.8681,10.1145,1.9177,1.9824,5.081,5.0194,0.069,-0.121,-0.085,0.2266,0.1647,0.477,0.1774,0.0772,0.5595,0.98,1.94
DXCM,Healthcare,29.7703,20.8014,5.2052,8.7192,20.062,1.359,0.0297,0.131,0.78,0.2564,0.1794,0.601,0.345,0.0889,0.5085,1.883,
EA,Communication Services,76.2547,22.0374,6.9739,8.2788,37.394,1.7852,0.0434,0.01,-0.685,0.0857,0.0931,0.7826,0.1003,0.0481,0.3644,0.926,0.37
EBAY,Consumer Cyclical,22.0986,14.1157,3.8334,9.1594,17.11,2.1635,0.0174,0.15,-0.184,0.1622,0.183,0.7145,0.4085,0.078,1.5562,1.097,1.32
ECL,Basic Materials,36.3521,27.2984,4.6414,11.2661,21.106,2.4396,0.022,0.048,0.202,0.1905,0.1291,0.4451,0.2252,0.0784,0.9177,1.076,1.04
ED,Utilities,20.4663,17.8105,2.4651,1.7232,11.366,2.7425,-0.0035,0.089,-0.083,0.178,0.1196,0.5325,0.0877,0.0319,1.1732,1.021,2.98
EFX,Industrials,34.2195,17.614,3.6221,4.7694,14.52,0.8339,0.0455,0.092,0.024,0.1811,0.1087,0.5645,0.1376,0.0604,1.1064,0.605,1.13
EG,Financial Services,8.6509,5.3107,0.7532,0.861,,,-1.6901,-0.029,,0.1233,0.0907,0.125,0.1085,0.0222,0.2448,1.124,2.45
EIX,Utilities,6.3602,11.2729,1.4637,1.6548,8.71,3.4777,-0.023,0.308,4.463,0.3595,0.2308,0.5783,0.241,0.0381,2.1574,0.729,4.78
EL,Consumer Defensive,,22.8112,1.7042,6.2013,14.2,1.4246,0.0678,0.056,,0.1426,-0.0121,0.7432,-0.0434,0.0442,2.3294,1.358,2.03
ELV,Healthcare,11.9341,10.2161,0.3333,1.5127,6.986,1.1517,0.0512,0.095,0.363,0.0154,0.0284,0.2556,0.1325,0.0435,0.7439,1.535,2.29
EME,Industrials,26.8096,24.1741,1.9931,9.1647,18.726,,0.0293,0.197,0.53,0.095,0.0749,0.1933,0.3849,0.116,0.1291,1.22,0.21
EMR,Industrials,32.2794,18.3772,4.0719,3.6502,14.689,1.6833,0.0389,0.041,0.049,0.246,0.1272,0.5276,0.0965,0.0661,0.6928,0.841,1.69
EOG,Energy,15.6575,11.4671,3.378,2.5707,7.017,3.7442,0.0304,0.0,-0.417,0.1694,0.2198,0.6202,0.1683,0.082,0.3062,1.632,2.86
EPAM,Technology,20.5342,9.9063,1.3969,2.0367,8.935,0.8195,0.0951,0.128,0.099,0.1186,0.0692,0.2888,0.1034,0.0755,3.907,2.594,
EQIX,Real Estate,72.4381,58.0345,10.6146,6.9414,29.301,4.5118,0.0288,0.081,,0.2154,0.1458,0.5132,0.0972,0.0333,1.6029,1.316,1.92
EQR,Real Estate,20.5,40.0556,7.6388,2.0655,16.77,,0.0599,0.02,-0.088,0.2851,0.362,0.6288,0.1002,0.0262,0.7432,0.107,4.66
EQT,Energy,18.0363,12.8073,4.5557,1.5685,7.992,6.6835,0.0491,0.269,0.546,0.5499,0.2493,0.7863,0.0901,0.0535,0.2893,0.763,1.11
ERIE,Financial Services,23.3624,17.8094,3.2078,5.7138,15.772,,0.0383,0.029,-0.584,0.1716,0.1375,0.1763,0.2619,0.1481,2.712,1.268,2.34
ES,Utilities,15.2346,13.5889,1.9273,1.6102,11.998,1.0117,0.0292,0.134,4.662,0.2214,0.1249,0.5362,0.1078,0.0317,1.8495,0.65,4.53
ESS,Real Estate,23.8056,40.2473,8.836,2.8764,18.254,,0.0575,0.032,-0.687,0.3286,0.346,0.6858,0.1224,0.031,1.1943,0.154,4.16
ETN,Industrials,34.5881,23.096,5.1097,7.2109,23.771,2.6749,0.0185,0.131,0.189,0.1997,0.1489,0.3777,0.2153,0.0833,0.5488,1.319,1.22
ETR,Utilities,29.3862,23.2759,4.0629,3.0712,14.654,2.4067,-0.0688,0.079,-0.208,0.1899,0.1358,0.4772,0.1077,0.0299,1.8179,0.742,2.16
EVRG,Utilities,22.6339,18.2033,3.1999,1.8662,12.584,2.3013,-0.0452,0.066,0.047,0.1774,0.1435,0.5227,0.0857,0.0288,1.4992,0.491,3.36
EW,Healthcare,44.779,24.4752,7.7582,4.5529,24.27,2.0832,0.0248,0.133,-0.766,0.237,0.1769,0.7801,0.1035,0.0765,6.824,3.716,
EXC,Utilities,18.0696,16.1903,2.0807,1.7517,12.292,3.0102,-0.0421,-0.011,-0.093,0.2162,0.1141,0.4293,0.0994,0.0284,1.7449,0.924,3.41
EXE,Energy,13.7239,11.115,2.1458,1.3379,5.248,8.6849,0.0471,0.383,,0.2751,0.1563,0.4532,0.1007,0.0586,0.275,1.005,3.07
EXPD,Industrials,24.5059,22.5218,1.7586,8.287,16.88,3.8242,0.0413,-0.033,-0.115,0.0879,0.0732,0.1344,0.3543,0.1364,0.242,1.812,1.06
EXPE,Consumer Cyclical,22.9898,9.8138,1.8738,21.494,12.874,0.7978,0.1063,0.114,-0.273,0.1545,0.0878,0.9012,0.4867,0.0577,2.5469,0.732,0.75
EXR,Real Estate,29.1634,27.7498,8.607,2.1042,19.018,5.7795,0.0385,0.046,0.158,0.4445,0.2826,0.7503,0.0701,0.0335,0.9868,0.758,4.84
F,Consumer Cyclical,,6.3243,0.2485,1.287,34.046,8.5357,0.0378,-0.048,,-0.0669,-0.0437,0.0581,-0.2019,-0.0013,4.6064,1.075,5.17
FANG,Energy,33.777,13.1246,3.8258,1.4924,7.358,104.3207,0.0091,-0.094,,-0.8649,0.1164,0.7304,0.0374,0.0137,0.3378,0.416,2.17
FAST,Industrials,42.4771,34.1098,6.4835,13.4789,29.062,3.339,0.0151,0.111,0.093,0.1896,0.1534,0.4501,0.3329,0.2123,0.112,4.852,1.94
FCX,Basic Materials,40.3816,16.1756,3.404,4.6638,11.73,3.8824,0.0177,-0.015,0.477,0.144,0.085,0.3706,0.1395,0.0719,0.341,2.291,0.98
FDS,Financial Services,14.6418,11.7455,3.5483,3.9489,10.518,1.2373,0.07,0.071,-0.045,0.3027,0.2448,0.5194,0.2808,0.1106,0.7297,1.431,1.93
FDX,Industrials,19.3075,16.2051,0.9386,2.8999,10.388,1.2807,0.0104,0.083,0.173,0.0694,0.0488,0.2755,0.1587,0.0503,1.4099,1.474,1.6
FE,Utilities,29.1534,17.4444,1.99,2.3701,11.728,1.5634,-0.0414,0.207,,0.2663,0.0684,0.6687,0.092,0.0372,1.9276,0.565,3.63
FFIV,Technology,25.1326,18.0647,5.4814,4.8772,18.351,2.0111,0.0395,0.073,0.099,0.2604,0.2246,0.8139,0.2084,0.0809,7.566,1.554,
FICO,Technology,40.3167,20.4594,12.5318,-14.322,28.74,0.9128,0.0222,0.164,0.077,0.4572,0.3189,0.8286,,0.3476,,0.929,
FIS,Technology,63.411,6.7158,2.2451,1.7118,11.643,0.2581,0.0787,0.082,0.881,0.2464,0.0358,0.3686,0.026,0.0437,0.9589,0.589,3.54
FITB,Financial Services,13.3456,9.6139,5.1061,1.561,,1.8042,,0.116,0.209,0.4109,0.3019,0.0,0.1219,0.0118,,,3.4
FIX,Industrials,49.0208,31.9923,5.4921,20.3248,35.62,,0.0155,0.01,0.388,0.0788,0.1123,0.2413,0.4924,0.1471,0.4549,1.211,0.16
FOX,Communication Services,12.6787,10.6378,1.4889,2.0574,7.971,12.1373,0.0715,0.02,-0.358,0.1135,0.1141,0.3544,0.1682,0.0881,0.6739,2.784,1.06
FOXA,Communication Services,14.0576,11.3637,1.5042,2.2812,8.664,13.4573,0.0708,0.02,-0.358,0.1135,0.1141,0.3544,0.1682,0.0881,0.6739,2.784,0.96
FRT,Real Estate,22.8184,33.5607,7.2464,2.9824,17.855,,0.0503,0.075,0.987,0.3446,0.3209,0.6792,0.1224,0.0327,1.4364,0.371,4.2
FSLR,Technology,13.7356,7.9792,4.0158,2.1975,8.824,0.4989,0.046,0.111,0.323,0.3256,0.2928,0.4062,0.1745,0.0784,6.871,2.675,
FTNT,Technology,34.1033,24.9435,9.026,49.5378,26.297,2.0761,0.0285,0.148,-0.011,0.3277,0.2726,0.8046,1.3572,0.1287,0.858,1.172,
FTV,Technology,35.2704,17.5795,4.2826,2.7234,17.444,,0.0481,0.046,-0.026,0.2013,0.1393,0.635,0.064,0.0313,0.5118,0.715,0.46
GD,Industrials,22.5802,19.3449,1.7992,3.6784,16.032,2.5285,0.0355,0.078,0.004,0.1014,0.0801,0.1513,0.1766,0.0599,0.382,1.444,1.74
GDDY,Technology,13.1302,6.7746,2.2292,51.1717,10.855,0.6777,0.1185,0.068,0.317,0.2514,0.1767,0.6361,1.929,0.0875,17.9572,0.615,
GE,Industrials,34.9701,32.7359,6.4676,15.7875,28.466,4.8417,0.0176,0.176,0.374,0.1955,0.1898,0.315,0.4469,0.0468,1.1407,1.041,0.67
GEHC,Healthcare,15.4615,12.6374,1.5564,3.089,10.503,1.6718,0.0526,0.071,-0.177,0.1572,0.101,0.3998,0.2238,0.0547,0.9872,1.373,0.2
GEN,Technology,19.4742,6.5832,2.4645,4.909,9.587,0.4623,0.113,0.258,0.201,0.3581,0.1276,0.7884,0.269,0.0717,3.6338,0.466,2.65
GEV,Industrials,50.7667,38.9971,6.4043,21.6669,78.654,3.4876,0.0216,0.038,6.717,0.0738,0.1283,0.2008,0.4264,0.0234,9.727,0.982,0.17
GILD,Healthcare,20.6062,14.5203,5.8896,7.6373,12.985,0.389,0.0435,0.047,0.234,0.3738,0.289,0.7884,0.4066,0.1252,1.1292,1.553,2.35
GIS,Consumer Defensive,9.1491,11.3668,1.087,3.6141,6.908,11.7371,0.1133,0.022,-0.145,0.1919,0.1205,0.3314,0.2359,0.0531,2.1763,0.563,6.52
GL,Financial Services,10.135,8.6282,1.8707,1.8878,8.507,,0.1014,0.036,0.095,0.2424,0.1937,0.3381,0.2059,0.0333,0.5126,0.76,0.93
GLW,Technology,80.8306,37.8841,8.1301,10.7367,36.845,1.6515,0.005,0.204,0.774,0.1656,0.1021,0.3598,0.149,0.0495,0.7619,1.588,0.76
GM,Consumer Cyclical,22.1835,5.2281,0.3657,1.0729,9.73,3.2868,0.1265,-0.051,,0.0654,0.0146,0.1072,0.0432,0.0254,2.083,1.165,0.99
GNRC,Industrials,71.8852,18.5627,2.706,4.3263,25.698,0.9393,0.0081,-0.116,,-0.0085,0.0379,0.3829,0.0628,0.0338,0.5248,2.026,
GOOG,Communication Services,27.2396,21.9261,8.8425,8.5716,23.321,2.2093,0.0107,0.18,0.311,0.3157,0.3281,0.5965,0.3571,0.1543,0.1613,2.005,0.29
GOOGL,Communication Services,27.3861,22.0236,8.8819,8.6097,23.427,2.2192,0.0106,0.18,0.311,0.3157,0.3281,0.5965,0.3571,0.1543,0.1613,2.005,0.28
GPC,Consumer Cyclical,220.1489,12.0823,0.5924,3.2194,10.282,1.3205,0.0471,0.041,,0.0485,0.0027,0.3745,0.015,0.046,1.5606,1.079,4.11
GPN,Industrials,14.4582,3.9465,2.3265,0.6623,9.5,0.1801,0.0975,-0.0,-0.592,0.2788,0.1817,0.7264,0.0482,0.0276,0.9332,1.69,1.56
GRMN,Technology,27.6981,23.3668,6.3133,5.1018,20.922,3.0836,0.0173,0.166,0.212,0.289,0.2296,0.5874,0.1978,0.1137,2.184,3.633,1.77
GS,Financial Services,16.807,13.2397,4.3119,2.4211,,1.5695,,0.152,0.173,0.3832,0.2892,0.8288,0.1386,0.0099,5.9607,1.528,2.09
GWW,Industrials,31.5486,23.0105,2.9505,14.1832,18.771,1.9022,0.0206,0.045,-0.02,0.1473,0.0951,0.3906,0.461,0.1903,0.6911,2.827,0.81
HAL,Energy,25.4467,14.1465,1.4481,3.0468,9.251,,0.0666,0.008,-0.005,0.149,0.0578,0.157,0.1227,0.0737,0.7916,2.04,1.78
HAS,Consumer Cyclical,,14.4047,2.698,23.5036,12.687,2.3303,0.0342,0.313,,0.2067,-0.0686,0.6382,-0.3636,0.1119,6.0058,1.381,3.11
HBAN,Financial Services,11.3597,8.2603,4.1818,1.1454,,1.8286,,0.103,-0.109,0.3978,0.2874,0.0,0.101,0.0104,,,3.93
HCA,Healthcare,16.6669,14.1807,1.3957,-17.5837,10.093,1.2908,0.0552,0.067,0.445,0.1629,0.0897,0.415,,0.1244,,0.965,0.66
HD,Consumer Cyclical,22.6181,19.7205,1.9452,25.0023,15.388,2.9441,0.0269,-0.038,-0.142,0.1008,0.086,0.3332,1.4554,0.1298,5.1439,1.061,2.9
HIG,Financial Services,10.2245,9.3994,1.3386,2.0228,7.256,,0.153,0.067,0.382,0.2002,0.1352,0.3743,0.2166,0.0372,0.2394,1.84,1.76
HII,Industrials,25.7713,19.4848,1.251,3.068,15.727,1.6933,0.0439,0.157,0.281,0.0593,0.0485,0.127,0.1242,0.0402,0.5876,1.133,1.39
HLT,Consumer Cyclical,49.7471,29.2701,14.3079,-13.0421,28.843,1.4429,0.0244,0.07,-0.385,0.4633,0.2941,0.7792,,0.1004,,0.665,0.2
HOLX,Healthcare,31.39,15.5901,4.0927,3.2172,12.617,1.6608,0.0502,0.025,-0.092,0.2299,0.1318,0.6038,0.1086,0.0743,0.4805,4.04,
HON,Industrials,33.1097,19.9972,3.8955,10.4839,20.03,2.0853,0.032,-0.033,-0.764,0.1541,0.1263,0.3693,0.2614,0.0594,2.3661,1.298,2.07
HOOD,Financial Services,33.6098,24.6852,13.8679,6.7942,,,,0.265,-0.345,0.4653,0.421,0.9238,0.2199,0.0586,1.3604,1.13,
HPE,Technology,,9.0314,0.9149,1.3201,10.13,0.8512,0.078,0.184,-0.303,0.0764,-0.0033,0.3207,-0.0047,0.0161,0.8722,1.035,2.32
HPQ,Technology,7.3902,6.5572,0.3185,-23.3653,5.75,1.6877,0.1578,0.069,-0.017,0.0618,0.0446,0.2025,,0.0562,,0.759,6.15
HRL,Consumer Defensive,24.8202,13.9631,1.0009,1.5311,9.765,1.4863,0.0314,-0.029,-0.051,0.1106,0.0403,0.1561,0.0612,0.0443,4.244,2.662,5.3
HSIC,Healthcare,22.6116,12.5953,0.6602,2.638,13.014,1.6413,0.044,0.077,0.136,0.053,0.0302,0.3114,0.087,0.0433,0.7174,1.383,
HST,Real Estate,17.4,19.7922,2.1746,2.0073,11.077,,0.0887,0.128,0.271,0.1209,0.1248,0.2883,0.1149,0.0407,0.8378,2.361,4.18
HSY,Consumer Defensive,47.6189,20.9267,3.5743,9.0201,23.596,1.1815,0.0347,0.07,-0.598,0.147,0.0755,0.3355,0.1889,0.0689,1.2376,1.192,2.82
HUBB,Industrials,29.846,22.8778,4.4956,6.8403,20.029,2.3996,0.0259,0.119,0.138,0.1913,0.1518,0.3549,0.2454,0.1003,0.6447,1.719,1.15
HUM,Healthcare,18.0905,11.6296,0.1654,1.2145,4.173,1.0385,0.0616,0.113,,-0.0179,0.0092,0.1454,0.0704,0.043,0.7482,2.003,1.99
HWM,Industrials,62.8865,42.2572,11.3492,17.4567,40.101,,0.0098,0.146,0.203,0.2634,0.1827,0.3417,0.3044,0.1213,0.6002,2.134,0.2
IBKR,Financial Services,30.5135,24.5812,18.549,5.6262,,2.4017,,0.152,0.303,0.788,0.1585,0.9254,0.2351,0.0247,1.2433,1.106,0.47
IBM,Technology,22.2765,18.5144,3.4482,7.1218,17.562,2.3202,0.0565,0.122,0.899,0.2477,0.1569,0.5819,0.3516,0.0544,1.9733,0.956,2.71
ICE,Financial Services,28.2461,19.0077,9.3573,3.1959,18.153,2.2642,0.0375,0.078,0.234,0.4956,0.3338,1.0,0.1188,0.0226,0.7008,1.02,1.28
IDXX,Healthcare,43.4771,34.6818,10.5374,28.2795,30.658,3.9619,0.0174,0.143,0.179,0.2976,0.2462,0.618,0.662,0.2559,0.6083,1.231,
IEX,Industrials,29.6682,21.2137,4.0957,3.528,16.666,1.7038,0.0381,0.042,0.055,0.207,0.1398,0.4452,0.1234,0.0663,0.4825,2.856,1.49
IFF,Basic Materials,,15.0861,1.6992,1.3085,13.239,0.8303,0.1673,-0.066,,0.0462,-0.0332,0.3616,-0.0256,0.0206,0.4688,1.422,2.21
INCY,Healthcare,14.9657,11.0918,3.7134,3.6842,10.811,0.3471,0.0319,0.278,0.436,0.2557,0.2503,0.5288,0.2987,0.1357,1.063,3.316,
INTC,Technology,,50.7791,4.7861,2.2015,21.643,,-0.0178,-0.041,,0.0514,-0.005,0.3656,0.0002,0.0028,0.3728,2.017,
INTU,Technology,27.4694,15.9564,5.8429,6.1524,19.772,1.0895,0.0451,0.174,0.485,0.1838,0.2157,0.809,0.2346,0.1033,0.3615,1.323,1.1
INVH,Real Estate,26.6146,35.6814,5.7632,1.6375,16.032,,0.0694,0.043,0.024,0.27,0.2163,0.5825,0.0609,0.0249,0.8812,2.423,4.7
IP,Consumer Cyclical,,12.1064,0.7794,1.239,7.045,1.5804,0.03,0.531,,0.0648,-0.1488,0.2974,-0.2468,0.0247,0.7107,1.279,5.32
IQV,Healthcare,22.1277,12.3099,1.8027,4.5187,14.872,0.7223,0.0754,0.103,0.236,0.1517,0.0834,0.3329,0.2144,0.0505,2.4593,0.749,
IR,Industrials,53.731,20.0138,4.0235,3.0201,17.095,0.7243,0.0349,0.101,0.184,0.2001,0.076,0.4361,0.0577,0.052,0.507,2.056,0.1
IRM,Real Estate,210.8163,40.3323,4.4524,-31.1426,21.413,,-0.038,0.166,-0.142,0.2196,0.021,0.5538,,0.044,,0.739,3.35
ISRG,Healthcare,57.4422,39.5257,15.9529,9.0065,43.535,2.3256,0.0142,0.188,0.166,0.3016,0.2838,0.66,0.1669,0.0939,0.953,4.875,
IT,Technology,16.3745,10.8926,1.7511,34.9612,9.726,0.8277,0.0811,0.022,-0.342,0.1898,0.1122,0.6839,0.8686,0.0886,10.4654,0.999,
ITW,Industrials,24.6384,21.2674,4.6383,23.106,17.782,2.6185,0.0291,0.041,0.073,0.2675,0.1911,0.441,0.9372,0.1705,2.8552,1.21,2.49
IVZ,Financial Services,,7.9755,1.6795,1.1026,11.866,0.3832,0.0696,0.062,,0.2038,-0.0442,0.2857,-0.0122,0.026,0.1716,0.787,3.48
J,Industrials,33.7784,15.9492,1.2201,4.3711,13.714,0.4929,0.072,0.123,,0.0743,0.035,0.2445,0.0973,0.0568,0.6517,1.33,1.12
JBHT,Industrials,35.0587,24.4433,1.7054,5.7023,13.947,2.1685,0.037,-0.016,0.236,0.0796,0.0499,0.189,0.1579,0.0666,0.4826,0.829,0.84
JBL,Technology,36.2416,18.4372,0.8782,21.1807,13.054,,0.04,0.231,0.962,0.0467,0.0248,0.0904,0.597,0.0535,3.2535,1.013,0.12
JCI,Industrials,44.6208,23.9212,3.3958,6.1632,21.906,2.4131,0.034,0.068,0.342,0.1472,0.1417,0.3647,0.1264,0.0515,0.7334,0.994,1.2
JKHY,Technology,22.5616,22.5176,4.6248,5.1587,16.376,2.2088,0.0294,0.079,0.284,0.257,0.2059,0.4384,0.2428,0.1335,3.109,1.6,1.49
JNJ,Healthcare,22.0344,19.3277,6.2181,7.1767,18.174,1.6984,0.0284,0.091,0.486,0.2397,0.2846,0.6808,0.3503,0.0868,0.605,1.028,2.14
JPM,Financial Services,14.7079,12.6339,4.7228,2.3199,,1.6543,,0.025,-0.036,0.4106,0.3391,0.0,0.1613,0.0135,,,2.04
KDP,Consumer Defensive,16.5425,10.0159,2.0712,1.3477,11.78,0.8465,0.033,0.105,,0.2263,0.1252,0.542,0.0836,0.0426,0.7538,0.635,3.63
KEY,Financial Services,13.4671,9.5914,3.1833,1.262,,1.9383,,1.315,,0.3362,0.261,0.0,0.0948,0.0098,,,4.01
KEYS,Technology,51.2746,28.3742,8.7992,8.0495,39.302,1.729,0.0216,0.233,0.68,0.1631,0.1695,0.6186,0.1722,0.0582,0.4467,2.604,
KHC,Consumer Defensive,,10.6433,1.0816,0.6476,7.892,0.9935,0.1029,-0.034,-0.692,0.1748,-0.2344,0.3332,-0.1284,0.035,0.521,1.154,7.02
KIM,Real Estate,27.561,26.0369,7.1513,1.466,17.948,,0.0551,0.032,-0.068,0.3301,0.2732,0.6905,0.0554,0.0224,0.7868,0.488,4.6
KKR,Financial Services,38.9872,11.636,3.2938,2.8678,,0.4691,,0.763,-0.022,0.3303,0.0924,0.5696,0.0856,0.016,0.6861,0.847,0.81
KLAC,Technology,44.2485,31.804,15.6381,36.3943,34.782,1.6818,0.0162,0.072,0.409,0.4131,0.3576,0.6157,1.0073,0.2109,1.1178,2.828,0.5
KMB,Consumer Defensive,19.7798,12.4644,1.9401,21.2442,12.141,1.942,0.0286,-0.006,0.11,0.1316,0.1229,0.3731,1.266,0.0961,4.6478,0.745,5.33
KMI,Energy,24.0657,22.5977,4.3309,2.3538,15.028,3.8788,0.0062,0.131,0.493,0.3026,0.1804,0.4931,0.0983,0.041,0.9971,0.637,3.55
KO,Consumer Defensive,25.2368,22.1853,6.8879,10.2594,22.65,3.9465,-0.0044,0.024,0.036,0.2466,0.2734,0.6163,0.4332,0.0915,1.3979,1.459,2.69
KR,Consumer Defensive,46.9805,12.8628,0.3009,5.864,9.771,1.7095,0.0765,0.012,0.509,0.0344,0.0069,0.241,0.144,0.0576,4.1597,0.801,1.94
KVUE,Consumer Defensive,22.5526,14.1585,2.1722,3.0509,12.478,1.464,0.055,0.032,0.112,0.1783,0.0972,0.5837,0.1439,0.0661,0.8058,0.958,4.84
L,Financial Services,13.5119,37.1345,1.206,1.1872,7.935,,0.0693,0.041,1.26,0.1308,0.0903,0.365,0.0943,0.0197,0.5022,0.513,0.23
LDOS,Technology,14.2695,12.338,1.1688,4.083,10.19,,0.0551,-0.036,0.197,0.1124,0.0843,0.1804,0.3103,0.099,1.0766,1.703,1.05
LEN,Consumer Cyclical,12.4446,11.1851,0.6456,0.9663,7.165,3.0197,,-0.133,-0.525,0.0367,0.0539,0.1693,0.0808,0.0431,0.2476,12.673,2.31
LH,Healthcare,26.1683,14.188,1.6264,2.6102,13.033,1.1294,0.0426,0.056,0.157,0.1055,0.0628,0.2876,0.1051,0.0512,0.7556,1.424,1.05
LHX,Industrials,41.6862,26.0621,5.1797,3.3876,39.97,2.2566,,1.9,-0.061,0.0973,0.1037,0.3041,,,0.3457,,1.4
LII,Industrials,19.9579,17.0884,3.0692,13.6014,15.205,1.3056,0.02,-0.112,-0.179,0.1975,0.1551,0.3339,0.7583,0.1692,1.5224,1.597,1.14
LIN,Basic Materials,34.3541,25.7858,6.8529,6.0935,19.292,2.3608,0.0206,0.058,-0.094,0.2817,0.203,0.4884,0.1782,0.0717,0.7063,0.877,1.27
LITE,Technology,238.294,55.1943,28.0445,69.7377,228.639,,-0.0004,0.655,,0.1073,0.1195,0.3712,0.2928,0.0029,3.9248,0.606,
LLY,Healthcare,40.8194,22.241,12.8471,31.5488,27.529,1.0068,0.0023,0.426,0.514,0.449,0.3167,0.8304,1.0116,0.1942,1.6531,1.579,0.67
LMT,Industrials,28.9805,19.4374,1.9125,21.2201,19.546,1.3285,0.0368,0.091,1.61,0.0901,0.0669,0.1024,0.7687,0.0757,3.388,1.087,2.17
LNT,Utilities,23.2006,19.7636,4.3135,2.5542,16.471,2.4635,-0.0728,0.09,-0.058,0.1673,0.1857,0.4567,0.113,0.0264,1.6808,0.799,2.82
LOW,Consumer Cyclical,19.4962,16.906,1.5019,-13.0695,13.959,2.4661,0.0385,0.109,-0.11,0.0856,0.0771,0.3348,,0.1312,,1.077,2.08
LRCX,Technology,44.8542,31.6421,13.3444,26.938,36.915,1.5708,0.0176,0.221,0.37,0.3387,0.3022,0.498,0.6556,0.2105,0.442,2.256,0.48
LULU,Consumer Cyclical,11.7347,11.7378,1.6454,3.6561,6.647,0.742,0.0451,0.008,-0.185,0.2231,0.1422,0.566,0.3401,0.1721,0.3624,2.258,
LUV,Industrials,47.5949,8.064,0.6583,2.4289,12.339,0.1995,-0.037,0.074,0.508,0.0509,0.0157,0.2204,0.0481,0.0095,0.7494,0.517,1.91
LVS,Consumer Cyclical,23.1234,14.4488,2.8226,23.0645,10.82,0.9727,0.0537,0.26,0.293,0.2387,0.125,0.7998,0.7326,0.09,8.2906,1.144,1.93
LYB,Basic Materials,,17.2667,0.8505,2.543,16.999,1.6363,0.0174,-0.092,,-0.0092,-0.0247,0.0896,-0.0695,0.0169,1.4416,1.773,6.03
LYV,Communication Services,,68.6619,1.4511,134.4991,20.911,7.8152,0.0303,0.111,,-0.0082,0.0197,0.2555,0.367,0.0389,5.7203,0.995,
MA,Financial Services,29.8512,21.7727,13.4294,57.0187,21.856,1.5769,0.0369,0.176,0.242,0.5773,0.4565,1.0,2.0992,0.2372,2.5604,1.035,0.71
MAA,Real Estate,33.037,32.1028,6.7848,2.5774,16.198,,0.0619,0.01,-0.658,0.2838,0.2023,0.5869,0.0764,0.0326,0.933,0.071,4.9
MAR,Consumer Cyclical,34.83,25.6075,12.5976,-23.4017,22.793,2.0114,0.019,0.063,0.016,0.4397,0.3725,0.7907,,0.0963,,0.427,0.81
MAS,Industrials,15.3161,12.7802,1.5918,-65.2539,10.514,1.3218,0.0551,-0.019,-0.059,0.1478,0.1071,0.3568,71.5,0.1549,42.3026,1.805,2.17
MCD,Consumer Cyclical,25.7021,21.3774,8.1524,-121.9293,18.655,2.7554,0.0287,0.097,0.082,0.4507,0.3185,0.5741,,0.1351,,0.955,2.42
MCHP,Technology,,24.656,8.1188,5.4112,41.486,0.814,0.0281,0.156,,0.132,-0.0157,0.5541,-0.0109,0.0116,0.8238,2.162,2.77
MCK,Healthcare,25.513,19.9911,0.2743,-83.7942,19.448,1.075,0.0839,0.114,0.38,0.0154,0.0109,0.0345,,0.0433,,0.876,0.37
MCO,Financial Services,32.2687,23.553,10.1661,19.3041,22.288,1.9266,0.0262,0.13,0.576,0.4214,0.3186,0.7444,0.6208,0.1383,1.7681,1.74,0.93
MDLZ,Consumer Defensive,30.4444,17.0792,1.9266,2.854,18.768,1.6996,0.0483,0.093,-0.604,0.0953,0.0636,0.2838,0.0933,0.0324,0.8485,0.592,3.48
MDT,Healthcare,24.1983,14.2902,3.1345,2.2696,13.89,1.5108,0.0366,0.087,-0.118,0.2001,0.13,0.6516,0.0939,0.0457,0.5706,2.535,3.28
MET,Financial Services,15.0149,6.4654,0.6045,1.632,14.485,0.3747,-0.2734,0.276,-0.342,0.0467,0.0438,0.2336,0.1202,0.0046,2.2597,1.895,3.21
META,Communication Services,24.4451,15.9724,7.2307,6.6901,14.296,0.9391,0.0161,0.238,0.107,0.4131,0.3008,0.82,0.3024,0.1621,0.3916,2.599,0.37
MGM,Consumer Cyclical,48.2632,15.6544,0.572,3.8992,16.781,0.9947,0.0476,0.06,1.157,0.0706,0.0117,0.4442,0.1489,0.02,9.6309,1.234,
MKC,Consumer Defensive,8.0082,14.6,1.8447,1.8806,13.591,1.876,0.0284,0.167,5.283,0.1434,0.2312,0.3818,0.2535,0.0488,0.6516,0.758,3.93
MLM,Basic Materials,36.5024,25.241,5.8564,3.5901,19.895,3.0747,-0.0199,0.086,-0.041,0.2309,0.1849,0.308,0.1016,0.0499,0.5987,3.568,0.56
MMM,Industrials,24.0783,15.3946,3.05,16.293,13.52,1.4035,0.0166,0.02,-0.199,0.1241,0.1303,0.3992,0.755,0.0758,2.7664,1.708,2.16
MNST,Consumer Defensive,37.3041,28.3776,8.5356,8.5757,25.615,2.0883,0.0214,0.176,0.666,0.3132,0.2297,0.5585,0.2682,0.1796,0.8,3.703,
MO,Consumer Defensive,15.9612,11.3208,5.4814,-31.434,8.407,1.6776,0.0836,-0.005,-0.629,1.167,0.345,0.8734,,0.2732,,0.648,6.45
MOS,Basic Materials,15.3941,10.6368,0.6894,0.6873,5.961,1.5485,-0.0521,0.056,,0.0279,0.0449,0.1578,0.0482,0.0284,0.4315,1.315,3.36
MPC,Energy,18.2852,13.153,0.535,4.1186,11.478,0.9337,0.0361,-0.012,3.507,0.0629,0.0304,0.1031,0.2419,0.0478,1.4265,1.259,1.58
MPWR,Technology,86.9743,43.2767,19.6878,15.427,68.752,1.8421,0.0074,0.208,-0.862,0.2662,0.2227,0.5518,0.1917,0.1181,0.683,5.912,0.72
MRK,Healthcare,16.603,12.406,4.5967,5.6859,11.505,3.6815,0.0398,0.05,-0.193,0.3277,0.2808,0.7721,0.3688,0.1204,0.9596,1.536,2.81
MRNA,Healthcare,,-10.5857,10.0371,2.241,-5.225,,-0.068,-0.298,,-1.264,-1.4516,-1.0576,-0.2887,-0.1451,0.1509,3.293,
MRSH,Financial Services,20.7129,15.4158,3.1705,5.6067,13.218,1.6959,0.0553,0.087,0.057,0.2544,0.1542,0.4363,0.2935,0.0751,1.4005,1.102,2.06
MS,Financial Services,16.24,13.4124,3.7453,2.576,,1.8647,,0.11,0.207,0.3862,0.2399,0.8706,0.1561,0.0129,4.5575,2.053,2.41
MSCI,Financial Services,34.7215,24.7184,12.77,-15.0971,25.138,1.8702,0.0291,0.106,-0.023,0.5594,0.3836,0.8244,,0.1917,,0.899,1.51
MSFT,Technology,23.3705,19.8179,9.0871,7.098,16.016,1.2241,0.0193,0.167,0.598,0.4709,0.3904,0.6859,0.3439,0.1486,0.3154,1.386,0.97
MSI,Technology,34.4823,24.0973,6.2584,30.1815,23.087,2.3985,0.0273,0.123,0.086,0.2781,0.1844,0.518,1.042,0.114,4.0239,1.037,1.1
MTB,Financial Services,12.3624,9.9797,3.4092,1.2113,,1.7655,,0.047,0.211,0.414,0.3104,0.0,0.098,0.0135,,,2.85
MTD,Healthcare,29.9415,24.6142,6.3602,-1085.2196,22.945,2.6747,0.0268,0.081,0.17,0.3071,0.2159,0.5937,,0.2035,,1.137,
MU,Technology,17.2673,3.7163,7.1065,5.7014,11.119,0.2135,0.007,1.963,7.56,0.6762,0.4149,0.5844,0.3982,0.2014,0.149,2.897,0.16
NCLH,Consumer Cyclical,20.5761,7.1575,0.8775,3.8999,9.406,0.4493,-0.1796,0.064,,0.0832,0.0431,0.4262,0.2328,0.0459,7.0303,0.209,
NDAQ,Financial Services,28.0421,19.6893,9.4259,4.0387,18.663,2.1089,0.0337,0.134,0.476,0.4756,0.3406,1.0,0.1525,0.0506,0.7788,1.005,1.25
NDSN,Industrials,28.5049,21.2444,5.1574,4.716,18.306,1.7674,0.0351,0.088,0.442,0.25,0.1839,0.5528,0.1747,0.0802,0.6699,2.721,1.25
NEE,Utilities,28.2273,21.2719,7.0801,3.5532,21.245,2.053,-0.0784,0.207,0.26,0.2445,0.2493,0.6227,0.0837,0.0257,1.4624,0.595,2.68
NEM,Basic Materials,17.8482,10.5167,5.4732,3.6657,8.79,2.7807,0.0765,0.206,-0.046,0.5811,0.3125,0.6324,0.2234,0.1213,0.1674,2.287,0.91
NFLX,Communication Services,38.996,25.604,9.2624,15.6504,31.074,2.0633,0.0593,0.176,0.327,0.2454,0.243,0.4849,0.4276,0.1525,0.6378,1.186,
NI,Utilities,24.3538,21.3534,3.4214,2.4043,14.222,2.3166,-0.0491,0.198,0.111,0.2698,0.1399,0.5061,0.0907,0.0337,1.3928,0.688,2.53
NKE,Consumer Cyclical,29.0724,22.6373,1.4061,4.6433,17.744,1.0229,0.0201,0.001,-0.348,0.0694,0.0484,0.4092,0.1602,0.052,0.7933,2.139,3.71
NOC,Industrials,24.1575,23.296,2.3898,5.9825,16.595,5.3286,0.0289,0.096,0.152,0.1653,0.0997,0.1982,0.2617,0.0664,1.0726,1.101,1.32
NOW,Technology,61.0778,20.3267,8.1055,8.2398,37.55,0.9777,0.046,0.207,0.034,0.1651,0.1316,0.7753,0.1549,0.0539,0.1854,1.003,
NRG,Utilities,37.9826,13.1506,1.0558,28.1924,15.289,1.3498,0.0336,0.137,-0.913,0.0426,0.0281,0.1938,0.4155,0.0457,9.8905,1.637,1.24
NSC,Industrials,22.5705,21.3751,5.3101,4.1573,14.469,3.9483,0.0225,-0.017,-0.114,0.3117,0.2359,0.4595,0.1925,0.0591,1.1474,0.847,1.88
NTAP,Technology,17.3406,12.1428,3.0511,17.6727,11.487,1.1758,0.0545,0.044,0.16,0.2516,0.1807,0.7046,1.1259,0.1027,2.361,1.39,2.01
NTRS,Financial Services,16.2944,12.6904,3.3237,2.1955,,1.1773,,0.082,0.076,0.2899,0.2146,0.0,0.1349,0.0104,,,2.21
NUE,Basic Materials,22.9335,12.4674,1.2089,1.8806,10.877,,-0.023,0.086,0.342,0.0687,0.0537,0.1203,0.0936,0.0481,0.3276,2.938,1.3
NVDA,Technology,36.202,15.9576,19.9662,27.4088,31.971,0.7207,0.0135,0.732,0.956,0.6502,0.556,0.7107,1.0148,0.5119,7.255,3.905,0.02
NVR,Consumer Cyclical,15.267,14.7557,1.7834,4.8262,9.827,,0.0624,-0.05,-0.131,0.1736,0.1284,0.2289,0.3319,0.1828,0.2834,6.211,
NWS,Communication Services,36.5065,22.6272,1.7926,1.7828,14.447,,0.1112,0.055,-0.099,0.1706,0.1335,0.5667,0.0633,0.0394,0.3089,1.813,0.71
NWSA,Communication Services,31.6883,19.6408,1.6286,1.5475,12.711,,0.1223,0.055,-0.099,0.1706,0.1335,0.5667,0.0633,0.0394,0.3089,1.813,0.82
NXPI,Technology,24.441,11.6206,4.007,4.8919,14.508,0.6085,0.0383,0.072,-0.068,0.263,0.1647,0.5538,0.207,0.0801,1.1971,2.046,2.08
O,Real Estate,53.1709,35.434,10.0661,1.4732,17.16,,0.0461,0.11,0.412,0.4698,0.1837,0.9256,0.027,0.0227,0.735,1.245,5.2
ODFL,Industrials,40.9938,32.7697,7.5325,9.5786,23.926,2.7296,0.0191,-0.057,-0.105,0.2327,0.1862,0.3896,0.2393,0.1552,3.28,1.436,0.59
OKE,Energy,16.2915,14.6251,1.6536,2.4729,12.087,2.2234,0.013,0.295,-0.015,0.1698,0.1009,0.305,0.1549,0.0557,1.4645,0.705,4.71
OMC,Communication Services,,6.0063,1.3442,1.9445,10.244,15.9708,0.194,0.279,,0.1488,-0.0032,0.1857,0.0048,0.0377,0.8631,0.93,4.28
ON,Technology,214.4483,15.3847,4.1739,3.2154,14.371,0.2357,0.0623,-0.112,-0.487,0.1914,0.0202,0.3832,0.015,0.0502,0.4229,4.522,
ORCL,Technology,26.233,18.3597,6.5703,12.5476,20.026,0.9259,-0.053,0.217,0.245,0.3268,0.253,0.6708,0.5757,0.0634,4.1526,1.347,1.37
ORLY,Consumer Cyclical,30.7811,25.5871,4.3108,-100.7938,21.389,,0.0135,0.078,0.139,0.1877,0.1427,0.5159,,0.1376,,0.769,
OTIS,Industrials,22.2457,16.2059,2.1026,-5.6286,14.818,1.9297,0.0525,0.033,0.135,0.1565,0.0959,0.3059,,0.1352,,0.849,2.16
OXY,Energy,46.6444,20.46,2.892,2.2377,8.204,3.5901,0.0329,1.489,,0.1031,0.1077,0.6982,0.0593,0.0274,0.638,0.936,1.65
PANW,Technology,90.6722,41.1266,13.4613,12.2154,84.024,2.7373,0.0215,0.149,0.605,0.155,0.1296,0.735,0.1626,0.0345,4.887,1.045,
PAYX,Technology,20.2428,15.5349,8.2801,8.186,22.443,1.7565,,0.199,0.091,0.4438,0.2663,0.672,,,1.2491,1.152,4.71
PCAR,Industrials,26.235,17.4765,2.1875,3.2271,20.086,1.1821,0.0456,-0.137,-0.359,0.0921,0.0835,0.14,0.1292,0.0437,0.8194,2.168,1.12
PCG,Utilities,15.0593,9.8539,1.5664,1.2615,10.172,0.7716,-0.0874,0.026,-0.033,0.213,0.104,0.3958,0.0821,0.0243,1.8704,0.971,1.13
PEG,Utilities,19.3886,17.3536,3.3564,2.3994,14.411,2.4721,-0.0026,0.183,0.105,0.1808,0.1735,0.3482,0.1276,0.0339,1.4268,0.801,3.28
PEP,Consumer Defensive,26.1683,17.1724,2.2851,10.5178,14.208,1.6856,0.0384,0.056,0.675,0.1407,0.0877,0.5446,0.4285,0.0905,2.5808,0.853,3.62
PFE,Healthcare,20.8235,10.0315,2.5743,1.8621,8.375,13.7734,0.0834,-0.012,,0.2394,0.1242,0.7581,0.0889,0.0568,0.7796,1.16,6.07
PFG,Financial Services,17.1619,8.7832,1.2668,1.6481,10.794,,0.0525,-0.037,-0.409,0.1411,0.0758,0.4424,0.1052,0.0028,0.3492,1.51,3.47
PG,Consumer Defensive,21.1716,19.5557,3.9226,6.3629,14.515,3.9024,0.0396,0.015,-0.054,0.263,0.193,0.5119,0.3156,0.109,0.6872,0.724,2.95
PGR,Financial Services,10.1534,12.1074,1.3054,3.7739,7.518,29.9188,0.1034,0.122,0.252,0.165,0.129,0.1855,0.4045,0.0792,0.2342,0.356,7.12
PH,Industrials,33.1167,26.6818,5.6015,8.0086,23.155,3.6862,0.0216,0.091,-0.09,0.2172,0.1729,0.3743,0.2578,0.0944,0.6892,1.182,0.79
PHM,Consumer Cyclical,10.5477,10.385,1.3018,1.7408,7.202,1.0505,0.0665,-0.063,-0.421,0.1801,0.1282,0.2687,0.1767,0.1086,0.1845,7.55,0.89
PKG,Consumer Cyclical,23.8298,16.7794,2.0291,3.9404,11.517,1.6454,0.0227,0.101,-0.565,0.1356,0.0861,0.218,0.172,0.083,0.9493,3.166,2.45
PLD,Real Estate,37.5758,39.9604,13.5657,2.3395,25.378,104.4262,0.0382,0.04,0.063,0.4133,0.3621,0.7569,0.0613,0.0246,0.6178,0.598,3.2
PLTR,Technology,239.4516,79.7567,79.3369,48.0609,241.793,2.9358,0.0036,0.7,6.476,0.409,0.3631,0.8237,0.2598,0.116,3.063,7.11,
PM,Consumer Defensive,21.7769,17.1867,6.0619,-24.6262,15.639,1.806,0.0363,0.068,,0.3294,0.2792,0.6712,,0.1596,,0.958,3.72
PNC,Financial Services,12.753,10.2566,3.8348,1.5075,,2.2695,,0.096,0.291,0.3926,0.3108,0.0,0.1216,0.0123,,,3.21
PNR,Industrials,21.8372,14.717,3.3546,3.6206,14.365,1.2909,0.0428,0.049,0.016,0.2009,0.1566,0.4089,0.1748,0.0914,0.4564,1.607,1.21
PNW,Utilities,20.3366,18.2385,2.3253,1.7622,13.051,3.1302,-0.0485,0.03,,0.1099,0.1155,0.416,0.0906,0.024,2.0177,0.539,3.54
PODD,Healthcare,58.879,25.2834,5.3109,9.4913,26.0,1.4266,0.0108,0.312,0.039,0.1867,0.0912,0.7163,0.1812,0.0943,0.6618,2.814,
POOL,Industrials,18.686,17.0585,1.4114,6.2627,14.094,,0.0272,-0.005,-0.129,0.0532,0.0768,0.2973,0.3306,0.1037,1.2951,2.238,2.46
PPG,Basic Materials,14.9191,11.9487,1.4554,2.9047,10.902,1.3268,0.0233,0.05,,0.1111,0.0993,0.4162,0.2108,0.0639,0.9759,1.624,2.75
PPL,Utilities,24.3019,18.2709,3.2106,1.9501,13.392,1.5089,-0.046,0.028,0.499,0.1887,0.1306,0.4348,0.0816,0.031,1.3115,0.865,2.95
PRU,Financial Services,9.7678,6.3589,0.5546,1.0467,7.705,1.1281,0.3716,0.312,,0.1041,0.0584,0.296,0.1136,0.0042,1.2448,0.916,5.59
PSA,Real Estate,31.15,26.7611,10.1812,10.0448,18.664,4.0822,0.0483,0.033,-0.193,0.4621,0.3692,0.7472,0.1876,0.0705,1.0976,0.261,4.28
PSKY,Communication Services,317.3333,10.1157,0.3663,0.9151,8.857,1.3098,1.4966,0.021,,-0.0065,-0.0215,0.3183,-0.0086,0.0263,1.1711,1.257,2.1
PSX,Energy,16.346,12.147,0.5334,2.4296,13.824,1.0548,0.0179,0.013,2427.284,0.0275,0.0333,0.123,0.1543,0.0375,0.7138,1.296,2.88
PTC,Technology,21.0088,17.2441,5.9354,4.4138,14.799,1.4656,0.0464,0.214,1.044,0.338,0.2861,0.8423,0.2314,0.1124,0.3594,1.219,
PWR,Industrials,82.6888,36.4401,2.9453,9.3818,36.017,1.8358,0.0098,0.197,0.026,0.0523,0.0361,0.1501,0.1274,0.0455,0.711,1.136,0.08
PYPL,Financial Services,8.3808,7.8218,1.2789,2.0593,6.56,0.7151,0.0772,0.037,0.394,0.1748,0.1578,0.4148,0.2573,0.0488,0.607,1.287,1.24
Q,Technology,35.3121,26.7087,5.1392,3.4415,20.268,2.3721,0.0318,0.081,-0.528,0.2042,0.1456,0.4617,0.0798,0.0484,0.6143,1.945,0.12
QCOM,Technology,25.5645,11.4344,3.0184,5.9023,10.047,0.5402,0.077,0.05,-0.018,0.2747,0.1196,0.551,0.2148,0.1405,0.6422,2.505,2.81
RCL,Consumer Cyclical,17.5154,13.273,4.1601,7.3712,14.379,1.1311,-0.0026,0.133,0.371,0.2198,0.238,0.5062,0.4773,0.0781,2.1509,0.183,1.55
REG,Real Estate,27.2979,30.3137,8.9316,2.1014,18.971,2.6072,0.0467,0.089,1.419,0.3876,0.3274,0.7162,0.0768,0.0315,0.6939,0.618,3.92
REGN,Healthcare,18.3844,14.5124,5.6155,2.5008,17.088,1.6234,0.0405,0.025,-0.026,0.2313,0.3141,0.4457,0.1486,0.0591,9.511,4.126,0.49
RF,Financial Services,11.5087,9.2837,3.2394,1.2985,,1.616,,0.065,0.052,0.392,0.3056,0.0,0.1165,0.0136,,,3.95
RJF,Financial Services,13.9139,10.3886,1.9753,2.243,,0.8864,,0.057,-0.024,0.1974,0.1476,0.9298,0.1712,0.0245,0.4626,2.244,1.52
RL,Consumer Cyclical,23.6909,19.3335,2.6942,7.3017,15.853,1.5723,0.0271,0.122,0.249,0.2009,0.1173,0.6965,0.3385,0.0957,0.9897,2.099,1.05
RMD,Healthcare,22.1652,18.4012,6.0594,5.1641,15.84,1.3806,0.0433,0.11,0.145,0.3516,0.2753,0.6147,0.2568,0.1474,0.1341,3.06,1.07
ROK,Industrials,41.669,26.58,4.7911,10.9484,23.882,1.9978,0.025,0.119,0.671,0.1753,0.1156,0.4849,0.2374,0.0871,0.9929,1.156,1.51
ROL,Consumer Cyclical,49.4771,38.4341,6.9113,18.8831,31.479,3.8868,0.0214,0.097,0.099,0.1764,0.14,0.5275,0.3894,0.1529,0.7553,0.602,1.35
ROP,Technology,25.1851,15.3375,4.8746,1.9189,14.703,1.5843,0.055,0.097,-0.073,0.2858,0.1944,0.6924,0.0793,0.0424,0.4796,0.518,1.02
ROST,Consumer Cyclical,33.3303,27.2001,3.1275,11.4597,22.237,3.2007,0.023,0.122,0.118,0.1227,0.0943,0.3256,0.3668,0.1111,0.8424,1.583,0.81
RSG,Industrials,32.5825,27.7578,4.1562,5.7439,16.077,3.1979,0.0257,0.022,0.074,0.1949,0.1289,0.4301,0.183,0.0622,1.1535,0.642,1.12
RTX,Industrials,39.5585,26.0886,2.9806,4.0367,20.209,2.748,0.0244,0.121,0.083,0.1102,0.076,0.2008,0.1095,0.0388,0.5951,1.026,1.39
RVTY,Healthcare,43.1748,14.8229,3.4817,1.3774,14.772,0.5436,0.0526,0.059,0.125,0.2007,0.0844,0.5477,0.0322,0.0222,0.4687,1.682,0.31
SATS,Communication Services,,-87.5875,2.4773,6.4459,43.627,1.3345,-0.0213,-0.043,,0.0977,-0.9662,0.2582,-1.1135,-0.0011,5.3273,0.415,
SBAC,Real Estate,20.8204,25.8455,7.6578,-4.4421,20.286,4.5867,0.0426,0.037,1.156,0.5244,0.3743,0.7448,,0.0826,,0.286,2.45
SBUX,Consumer Cyclical,75.3083,30.6001,2.7309,-12.2719,23.57,1.492,-0.014,0.055,-0.625,0.0926,0.0363,0.2217,,0.0687,,1.047,2.74
SCHW,Financial Services,20.1656,13.7949,6.9656,3.8647,,1.1092,,0.189,0.411,0.4968,0.37,0.9741,0.181,0.0182,1.1532,0.63,1.37
SHW,Basic Materials,30.964,23.6871,3.3423,17.0318,20.551,2.7584,0.0245,0.056,0.014,0.1416,0.109,0.4885,0.5939,0.0961,3.0606,0.868,1.01
SJM,Consumer Defensive,,9.4835,1.1411,1.9454,9.38,,0.0868,0.07,,0.1878,-0.1407,0.3421,-0.2068,0.048,1.432,0.844,4.61
SLB,Energy,21.0383,14.8851,2.0784,2.8316,10.779,1.7319,0.033,0.05,-0.286,0.1599,0.0945,0.1869,0.139,0.0677,0.4598,1.326,2.39
SMCI,Technology,16.9489,7.7165,0.497,1.989,13.736,,0.0074,1.234,0.192,0.0374,0.0311,0.0802,0.1319,0.0342,0.7528,1.697,
SNA,Industrials,19.0505,17.0529,3.691,3.1966,13.378,2.0268,0.0336,0.031,0.029,0.254,0.1972,0.5174,0.1833,0.1003,0.2171,4.793,2.67
SNDK,Technology,,7.9976,11.5976,10.1669,72.144,,0.0121,0.612,6.18,0.355,-0.1166,0.3481,-0.0937,0.0587,7.96,3.114,
SNPS,Technology,60.6355,23.2159,9.4721,2.4814,52.328,2.6115,0.0408,0.655,-0.82,0.1334,0.1376,0.8202,0.0554,0.0204,0.3558,1.363,
SO,Utilities,24.8597,19.8213,3.6912,3.0284,13.238,2.7846,-0.0317,0.101,-0.221,0.1274,0.1469,0.4847,0.1104,0.0328,1.9059,0.646,3.04
SOLV,Healthcare,7.1588,9.0273,1.3248,2.1844,13.207,1.2198,0.0574,-0.037,1.008,0.0701,0.1869,0.5357,0.3886,0.0294,1.0394,1.231,
SPG,Real Estate,13.3148,27.294,9.6329,11.8735,19.394,,0.0381,0.132,3.581,0.4972,0.7271,0.819,1.0411,0.0544,4.3546,0.236,4.58
SPGI,Financial Services,29.4106,19.5285,8.513,4.1389,19.069,1.5234,0.0374,0.09,0.32,0.3825,0.2915,0.7025,0.1309,0.0666,0.3791,0.824,0.9
SRE,Utilities,36.0727,17.9411,4.73,2.0495,20.033,2.1375,-0.4278,-0.002,-0.482,0.2774,0.134,0.4118,0.0519,0.0177,0.8339,1.591,2.65
STE,Healthcare,30.5035,19.7414,3.6832,2.9989,14.664,1.6706,0.0406,0.092,0.121,0.1849,0.1214,0.4432,0.1047,0.0661,0.2865,2.479,1.12
STLD,Basic Materials,22.5815,11.4302,1.4363,2.9159,14.647,,-0.0042,0.14,0.347,0.0703,0.0652,0.1316,0.1328,0.0588,0.4908,3.055,1.13
STT,Financial Services,13.7021,9.8673,2.591,1.4803,,0.9657,,-0.028,-0.241,0.2782,0.2121,0.0,0.1108,0.0082,,,2.61
STX,Technology,48.5701,21.5413,9.5633,204.0684,34.148,0.6525,0.0114,0.215,0.677,0.2995,0.1959,0.3878,,0.1941,10.4662,1.119,0.69
STZ,Consumer Defensive,23.7363,12.2373,2.8054,3.3999,10.438,5.4559,0.0748,-0.098,-0.15,0.3392,0.1183,0.5214,0.1445,0.088,1.3329,1.339,2.7
SW,Consumer Cyclical,29.5414,12.3119,0.6606,1.1166,7.191,0.2642,0.0709,0.005,-0.33,0.0617,0.0224,0.1938,0.0391,0.0317,0.8101,1.478,4.6
SWK,Industrials,25.9019,10.8121,0.7045,1.1753,9.906,,0.0802,-0.01,-0.193,0.1035,0.0266,0.3063,0.0452,0.034,0.7002,1.14,4.84
SWKS,Technology,21.1456,11.0644,2.0472,1.4366,8.389,1.5784,0.1325,-0.031,-0.47,0.1471,0.0973,0.4113,0.0648,0.0371,0.2071,2.396,5.15
SYF,Financial Services,7.3728,6.5429,2.5259,1.5291,,3.3823,,0.05,0.078,0.4853,0.3641,0.0,0.213,0.0298,,,1.75
SYK,Healthcare,39.5161,19.8026,5.0555,5.6563,20.023,1.5788,0.0328,0.114,0.559,0.2724,0.1292,0.6504,0.1508,0.0792,0.7297,1.893,1.06
SYY,Consumer Defensive,19.1806,14.1666,0.4124,14.9276,10.6,0.957,0.0514,0.03,-0.012,0.0399,0.0218,0.1846,0.8234,0.085,6.4025,1.295,3.04
T,Communication Services,9.3191,11.133,1.5784,1.8038,8.083,1.5962,0.0635,0.036,-0.056,0.1842,0.1747,0.5955,0.188,0.0407,1.2418,0.906,3.92
TAP,Consumer Defensive,,8.7133,0.7443,0.8214,5.975,4.369,0.0844,-0.027,-0.125,0.1356,-0.192,0.3837,-0.1817,0.0429,0.6177,0.553,4.36
TDG,Industrials,37.5966,25.3615,7.2343,-7.1,20.118,2.8818,0.0201,0.139,-0.129,0.456,0.2224,0.5969,,0.1178,,2.75,
TDY,Technology,33.0048,24.2334,4.7195,2.7373,20.804,,0.0238,0.073,0.391,0.206,0.1463,0.4276,0.0893,0.0492,0.2513,1.643,
TECH,Healthcare,100.2453,24.4393,6.8382,4.1183,25.666,0.6825,0.0314,-0.004,0.091,0.1967,0.0667,0.666,0.0397,0.0652,0.1745,4.539,0.6
TEL,Technology,30.1254,16.8848,3.3915,4.7283,14.666,1.2124,0.0324,0.217,0.444,0.209,0.1141,0.3569,0.161,0.0939,0.4569,1.651,1.39
TER,Technology,89.2248,37.4809,15.1946,17.286,59.645,1.7104,0.0056,0.439,0.814,0.3035,0.1737,0.5822,0.1973,0.1083,0.1013,1.748,0.17
TFC,Financial Services,12.3456,9.2001,3.2743,0.9878,,1.1962,,0.032,0.108,0.327,0.288,0.0,0.0824,0.0098,,,4.41
TGT,Consumer Defensive,14.8155,14.1551,0.5206,3.3742,8.591,3.4219,0.0475,-0.015,-0.05,0.0491,0.0354,0.2793,0.2403,0.0526,1.2552,0.942,3.79
TJX,Consumer Cyclical,33.1191,28.4656,2.9733,17.5239,22.051,3.371,0.0217,0.085,0.279,0.1327,0.091,0.3096,0.5913,0.1329,1.3238,1.138,1.19
TKO,Communication Services,90.1593,54.4838,3.3961,4.2398,17.903,,0.0473,0.119,,0.0977,0.0413,0.5981,0.0563,0.0364,0.4392,1.261,1.53
TMO,Healthcare,27.7035,18.2689,4.0975,3.4621,19.209,1.8199,0.0241,0.072,0.093,0.2117,0.1505,0.4108,0.1302,0.0503,0.7726,1.89,0.36
TMUS,Communication Services,20.6989,14.3289,2.5509,3.7656,10.358,0.7715,0.0355,0.113,-0.266,0.1836,0.1245,0.6317,0.1818,0.0568,2.0885,0.998,2.03
TPL,Energy,63.736,6.0755,38.3701,20.9914,46.524,,-0.0027,0.139,0.043,0.7064,0.6031,0.9329,0.3715,0.2582,1.219,4.398,0.54
TPR,Consumer Cyclical,54.7287,19.5912,3.8453,51.9309,17.345,0.3173,0.0491,0.14,0.942,0.2876,0.0695,0.7598,0.5534,0.1502,7.1548,1.626,1.13
TRGP,Energy,28.8196,22.0352,3.085,17.0998,14.452,,-0.005,-0.079,0.745,0.2262,0.1129,0.3829,0.5138,0.0868,5.4863,0.666,1.64
TRMB,Technology,37.0,16.107,4.319,2.6332,20.221,3.6476,0.0337,-0.014,0.805,0.225,0.1182,0.7108,0.0732,0.0411,0.2675,1.085,
TROW,Financial Services,9.7587,8.9186,2.6882,1.8147,6.31,11.1873,0.095,0.06,0.036,0.3222,0.2853,0.5127,0.1879,0.1065,3.891,6.234,5.77
TRV,Financial Services,10.7178,10.381,1.343,1.9439,7.489,2.3596,0.1845,0.035,0.234,0.2589,0.1288,0.2937,0.207,0.0371,0.2892,0.364,1.5
TSCO,Consumer Cyclical,21.2718,18.2366,1.4857,8.9465,14.69,1.7707,0.0223,0.033,-0.022,0.0764,0.0706,0.3642,0.4518,0.0884,2.3023,1.342,2.19
TSLA,Consumer Cyclical,333.8796,128.3042,14.269,16.4676,126.105,4.9177,0.0028,-0.031,-0.606,0.047,0.04,0.1803,0.0493,0.021,0.1776,2.164,
TSN,Consumer Defensive,115.4107,14.6991,0.4127,1.2626,11.593,1.0595,0.0507,0.051,-0.762,0.0291,0.0036,0.0615,0.0126,0.0217,0.4604,1.533,3.16
TT,Industrials,32.4768,25.3893,4.4414,11.0249,23.315,2.0957,0.0204,0.056,-0.005,0.155,0.1369,0.3616,0.3696,0.1164,0.6325,1.251,0.98
TTD,Communication Services,24.5,9.2544,3.6237,4.2241,13.952,0.8456,0.0573,0.143,0.075,0.3034,0.1531,0.7862,0.1632,0.0601,0.1756,1.611,
TTWO,Communication Services,,25.6279,5.6427,10.5835,46.371,2.124,0.0401,0.249,,-0.0205,-0.6045,0.5929,-0.8622,-0.0027,1.0045,1.137,
TXN,Technology,35.6905,24.6403,10.034,10.8611,23.216,1.5328,-0.0017,0.104,-0.032,0.3403,0.2828,0.5702,0.3015,0.1092,0.9082,4.353,2.91
TXT,Industrials,17.1973,12.0816,1.0362,1.949,10.713,1.1229,0.0556,0.156,0.744,0.0743,0.0622,0.1804,0.1224,0.0447,0.5438,1.969,0.09
TYL,Technology,46.9486,23.8224,6.2299,3.9365,32.374,1.6847,0.0347,0.063,0.011,0.1316,0.1353,0.4646,0.089,0.0414,0.1736,1.05,
UAL,Industrials,9.0402,6.2456,0.5054,1.9518,6.269,6.5026,0.0368,0.048,0.081,0.0914,0.0568,0.3396,0.2399,0.0423,2.0309,0.645,
UBER,Technology,15.1882,16.7328,2.8424,5.4936,24.329,4.5104,0.0429,0.201,-0.956,0.1235,0.1933,0.385,0.3993,0.0615,0.4381,1.136,
UDR,Real Estate,30.6549,62.9818,7.457,3.5039,17.666,,0.0684,0.015,,0.222,0.216,0.6662,0.0938,0.0209,1.4473,0.156,5.02
UHS,Healthcare,7.6527,6.9086,0.6216,1.483,6.107,1.2217,0.0524,0.091,0.427,0.1153,0.0857,0.4389,0.2133,0.0831,0.6973,1.052,0.45
ULTA,Consumer Cyclical,20.9672,17.0485,1.9237,8.4662,13.739,1.9707,0.0378,0.118,-0.054,0.1223,0.0931,0.4305,0.436,0.1474,0.7784,1.414,
UNH,Healthcare,20.9569,13.8437,0.5623,2.6692,14.526,0.9875,0.0551,0.123,-0.999,0.0034,0.0269,0.1853,0.1254,0.039,0.8162,0.788,3.19
UNP,Industrials,20.4095,18.0434,5.9273,7.8612,14.192,2.7573,0.027,-0.006,0.068,0.4089,0.2912,0.5635,0.4038,0.0907,1.7773,0.908,2.26
UPS,Industrials,14.9665,12.3241,0.9409,5.1368,8.688,1.5007,0.0622,-0.032,0.046,0.1075,0.0628,0.226,0.3377,0.0744,1.7588,1.219,6.68
URI,Industrials,18.9759,13.85,2.8648,5.1507,13.767,1.2051,0.0419,0.028,-0.019,0.2517,0.1549,0.3836,0.2836,0.0865,1.7473,0.945,1.08
USB,Financial Services,11.461,9.4887,3.1217,1.4106,,1.8505,,0.053,0.247,0.3933,0.2872,0.0,0.1218,0.0111,,,3.89
V,Financial Services,28.2441,20.6888,14.0116,15.0145,19.965,1.6485,0.038,0.146,0.174,0.683,0.5023,0.9778,0.5395,0.1836,0.5461,1.111,0.89
VICI,Real Estate,10.5977,9.3763,7.3808,1.0635,12.903,,0.0496,0.038,-0.034,0.8031,0.6928,0.9914,0.1022,0.0495,0.6268,17.233,6.44
VLO,Energy,32.2444,15.4168,0.6295,3.0756,10.907,4.0843,0.051,-0.021,3.179,0.0593,0.0202,0.1319,0.083,0.0502,0.4399,1.645,1.97
VLTO,Industrials,23.4069,19.312,3.9638,7.0408,16.7,3.264,0.0374,0.038,0.122,0.2271,0.1708,0.5995,0.365,0.1134,0.9269,1.669,0.59
VMC,Basic Materials,34.3833,25.8035,4.6022,4.2876,17.881,2.9222,0.0112,0.032,-0.138,0.1754,0.1356,0.2738,0.1297,0.0578,0.5778,2.686,0.74
VRSK,Industrials,28.5617,21.5389,8.3949,82.884,19.027,1.8087,0.0393,,,0.4398,0.2956,0.6988,4.3795,0.1646,15.818,1.202,1.08
VRSN,Technology,29.4949,24.9848,14.5407,-11.0853,21.737,2.7924,0.0342,0.076,0.118,0.6696,0.4984,0.8815,,0.5128,,0.489,1.25
VRT,Industrials,76.4006,32.4798,9.7723,25.3606,45.906,1.7706,0.0143,0.227,1.995,0.2117,0.1303,0.3632,0.4181,0.1112,0.819,1.547,0.1
VRTX,Healthcare,28.6551,19.9901,9.2863,5.9697,21.964,2.142,0.0231,0.095,0.329,0.396,0.3294,0.5366,0.2254,0.1216,0.1091,2.901,
VST,Utilities,69.3486,13.4193,2.8854,19.4995,13.973,1.3092,-0.009,0.136,-0.523,0.1322,0.0532,0.3324,0.1766,0.0349,3.9955,0.777,0.6
VTR,Real Estate,154.2037,87.0415,6.7986,3.1569,23.704,,0.0307,0.214,0.101,0.2035,0.0432,0.4121,0.0217,0.0218,1.02,0.341,2.5
VTRS,Healthcare,,5.0383,1.0825,1.0517,7.241,,0.1571,0.05,,0.0778,-0.2458,0.3955,-0.2108,0.0196,0.9991,1.38,3.57
VZ,Communication Services,12.1675,9.4011,1.5077,1.9943,7.508,1.217,0.0827,0.02,-0.533,0.2099,0.1243,0.5907,0.1707,0.0501,1.7478,0.913,5.73
WAB,Industrials,37.1757,21.3823,3.8871,3.8877,19.923,,0.0282,0.148,-0.038,0.1501,0.1048,0.3466,0.111,0.0606,0.5302,1.106,0.42
WAT,Healthcare,28.2488,18.6074,9.4293,7.0735,28.155,1.3223,0.0143,0.068,-0.031,0.3376,0.203,0.5928,0.2928,0.1152,0.6028,1.733,
WBD,Communication Services,94.2069,-1638.8722,1.8363,1.8863,13.743,216.9231,0.2339,-0.057,,0.0738,0.0195,0.4455,0.0208,0.0102,0.9891,1.056,
WDAY,Technology,51.0656,10.6188,3.6416,4.3911,23.61,0.5106,0.0866,0.145,0.629,0.1205,0.0726,0.757,0.0823,0.0355,0.4896,1.322,
WDC,Technology,27.9063,21.6286,9.3954,14.1033,30.085,0.595,0.0387,0.252,1.896,0.3192,0.3564,0.4272,0.4113,0.0915,0.6544,1.455,0.17
WEC,Utilities,24.4449,19.5663,3.9077,2.811,15.792,2.6077,-0.0559,0.111,-0.325,0.2131,0.1589,0.4238,0.1158,0.0302,1.5933,0.587,3.24
WELL,Real Estate,142.4859,61.4985,13.026,3.345,59.52,,0.0162,0.413,-0.263,-0.282,0.0864,0.4022,0.0254,0.0056,0.4949,1.697,1.46
WFC,Financial Services,12.8754,10.1688,3.1072,1.5152,,1.7186,,0.05,0.131,0.2994,0.2666,0.0,0.1173,0.0105,,,2.23
WM,Industrials,35.0849,25.1579,3.7674,9.4954,15.699,2.3922,0.0182,0.071,0.236,0.2004,0.1074,0.4044,0.297,0.0649,2.3938,0.889,1.45
WMB,Energy,33.6449,27.839,7.4426,6.8886,17.656,2.4572,-0.004,0.087,0.508,0.4125,0.2213,0.6212,0.1856,0.049,1.9703,0.531,2.92
WMT,Consumer Defensive,46.0769,38.2954,1.4062,10.0624,24.237,4.7117,0.0105,0.056,-0.19,0.0457,0.0307,0.2493,0.2185,0.0683,0.6444,0.79,0.79
WRB,Financial Services,14.8292,13.6385,1.705,2.5656,9.478,10.1476,0.1337,0.015,-0.218,0.1636,0.121,0.4341,0.197,0.0366,0.3192,0.399,0.55
WSM,Consumer Cyclical,20.3582,17.7749,2.7467,10.2755,13.271,2.4296,0.0405,-0.043,-0.073,0.2033,0.1394,0.4615,0.5152,0.1654,0.6996,1.388,1.69
WST,Healthcare,37.5811,28.7791,5.9746,5.7763,22.079,3.1078,0.0149,0.075,0.021,0.2164,0.1606,0.3591,0.1686,0.1009,0.1027,3.021,0.35
WTW,Financial Services,17.7625,12.8754,2.8111,3.4408,11.841,,0.0703,-0.033,-0.382,0.3539,0.1653,0.4158,0.2008,0.0483,0.8576,1.205,1.33
WY,Real Estate,54.2889,34.3514,2.5504,1.8675,32.384,1.8554,-0.0083,-0.098,-0.091,-0.1142,0.0469,0.1484,0.0338,0.0074,0.6069,1.293,3.44
WYNN,Consumer Cyclical,32.4936,17.1716,1.4906,-37.9576,11.407,0.677,0.039,0.015,-0.593,0.1567,0.0459,0.6818,,0.0548,,1.633,0.98
XEL,Utilities,23.6082,17.8567,3.4339,2.1326,14.41,2.2766,-0.1393,0.141,0.208,0.1668,0.1376,0.4574,0.0936,0.0239,1.5283,0.707,2.94
XOM,Energy,23.9836,17.073,2.0671,2.5889,12.067,2.0303,0.0183,-0.013,-0.11,0.0953,0.089,0.3105,0.1108,0.049,0.1894,1.153,2.56
XYL,Industrials,30.9337,19.9193,3.2632,2.5729,16.235,1.7574,0.0303,0.063,0.03,0.1598,0.1059,0.3846,0.084,0.0483,0.2107,1.625,1.42
XYZ,Technology,28.4667,12.6296,1.5015,1.621,18.138,0.6792,-0.0285,0.036,-0.939,0.0797,0.054,0.4306,0.0601,0.0288,0.4044,2.201,
YUM,Consumer Cyclical,28.0737,20.9154,5.2762,-5.9027,19.116,1.9216,0.0302,0.065,0.277,0.3193,0.1898,0.4616,,0.2265,,1.346,1.92
ZBH,Healthcare,25.6028,10.112,2.1883,1.3994,10.036,0.6254,0.0751,0.109,-0.408,0.1397,0.0857,0.6971,0.056,0.0394,0.6197,1.982,1.06
ZBRA,Technology,24.8268,10.0843,1.9043,2.8036,12.741,0.432,0.0641,0.106,-0.558,0.1505,0.0776,0.4805,0.1168,0.0607,0.7517,0.97,
ZTS,Healthcare,19.624,15.6339,5.4902,15.0453,13.966,1.9092,0.0345,0.03,0.061,0.3469,0.2824,0.7189,0.6599,0.1526,2.7959,3.028,1.8
